section,fileName,in_en,in_vi,in_ja,status
ai-notebook,about-ai-notebooks,Y,Y,N,MISSING
ai-notebook,ai-notebook,N,N,Y,MISSING
ai-notebook,connect-switch-kernel,Y,Y,N,MISSING
ai-notebook,create-jp,N,N,Y,MISSING
ai-notebook,create-notebook,Y,Y,N,MISSING
ai-notebook,faq-jp,N,N,Y,MISSING
ai-notebook,get-started-jp,N,N,Y,MISSING
ai-notebook,index,Y,Y,N,MISSING
ai-notebook,lauch-jp,N,N,Y,MISSING
ai-notebook,launch-ai-notebook,Y,Y,N,MISSING
ai-notebook,quick-start-jp,N,N,Y,MISSING
ai-notebook,shut-down-jp,N,N,Y,MISSING
ai-notebook,shut-down-kernel,Y,Y,N,MISSING
ai-notebook,switch,N,N,Y,MISSING
ai_marketplace,AI マーケットプレイス,N,N,Y,MISSING
ai_marketplace,balance,Y,Y,N,MISSING
ai_marketplace,contact-us,Y,Y,N,MISSING
ai_marketplace,home-page,Y,Y,N,MISSING
ai_marketplace,my-account,Y,Y,N,MISSING
ai_marketplace,overview,Y,Y,N,MISSING
ai_marketplace,product-information,Y,Y,N,MISSING
ai_marketplace,お問い合わせ,N,N,Y,MISSING
ai_marketplace,サインイン,N,N,Y,MISSING
ai_marketplace,ホームページ,N,N,Y,MISSING
ai_marketplace,マイアカウント,N,N,Y,MISSING
ai_marketplace,残高,N,N,Y,MISSING
ai_marketplace,製品情報,N,N,Y,MISSING
allow-address-pair,allow-address-pair,N,N,Y,MISSING
allow-address-pair,index,Y,Y,N,MISSING
billing,index,Y,Y,N,MISSING
budget-alert,Chỉnh sửa Budget Alert,N,Y,N,MISSING
budget-alert,Cài đặt ngăn chặn tạo resource Compute-Network mới khi đã đạt ngưỡng ngân sách,N,Y,N,MISSING
budget-alert,Khởi tạo Bugdet Alert,N,Y,N,MISSING
budget-alert,Tạm dừng cảnh báo của 1 Budget Alert,N,Y,N,MISSING
budget-alert,Xem thông tin cost và lịch sử cảnh báo,N,Y,N,MISSING
budget-alert,Xóa Budget Alert,N,Y,N,MISSING
budget-alert,delete-budget-alert,Y,N,N,MISSING
budget-alert,edit-budget-alert,Y,N,N,MISSING
budget-alert,initiating-a-budget-alert,Y,N,N,MISSING
budget-alert,pause-budget-alert,Y,N,N,MISSING
budget-alert,setting-budget-alert,Y,N,N,MISSING
budget-alert,view-cost-information,Y,N,N,MISSING
budget-alert,コスト情報とアラート履歴の確認_2,N,N,Y,MISSING
budget-alert,予算しきい値に達した後の新規コンピューティング／ネットワークリソースの作成制限_6,N,N,Y,MISSING
budget-alert,予算アラートの作成_1,N,N,Y,MISSING
budget-alert,予算アラートの削除_5,N,N,Y,MISSING
budget-alert,予算アラートの無効化_3,N,N,Y,MISSING
budget-alert,予算アラートの編集_4,N,N,Y,MISSING
checkpoint-fpt-ngfw,checkpoint-fpt-ngfw,N,N,Y,MISSING
checkpoint-fpt-ngfw,huong-dan-tren-gaia-portal,Y,N,Y,MISSING
checkpoint-fpt-ngfw,huong-dan-tren-smartconsole,Y,N,Y,MISSING
checkpoint-fpt-ngfw,index,Y,Y,N,MISSING
cloud-guard,khoi-tao-canh-bao-vpn,Y,N,Y,MISSING
cloud-server,index,Y,Y,N,MISSING
cost-explorer,View-dashboards-and-specific-costs-by-service,Y,N,N,MISSING
cost-explorer,cost-explorer-dimension-resource-type,N,Y,N,MISSING
cost-explorer,cost-explorer-dimension-service,N,Y,N,MISSING
cost-explorer,customer-filter,Y,N,N,MISSING
cost-explorer,fqas-2,N,Y,N,MISSING
cost-explorer,question-1,Y,Y,N,MISSING
cost-explorer,questions-2,Y,N,N,MISSING
cost-explorer,サービス別のダッシュボード＆コストの確認_1,N,N,Y,MISSING
cost-explorer,フィルタをカスタマイズして期間／リソース グループ別のコストを確認_2,N,N,Y,MISSING
cost-explorer,質問-1,N,N,Y,MISSING
cost-explorer,質問-2,N,N,Y,MISSING
create-vpc,VPC の作成_1,N,N,Y,MISSING
create-vpc,activitylog-bell,N,Y,N,MISSING
create-vpc,create-vpc,N,Y,N,MISSING
create-vpc,create-vpc-en,Y,N,N,MISSING
create-vpc,rename-vpc,N,Y,N,MISSING
create-vpc,rename-vpc-en,Y,N,N,MISSING
create-vpc,view-activity-en,Y,N,N,MISSING
create-vpc,アクティビティログの表示_2,N,N,Y,MISSING
create-vpc,アクティビティログ＆直近タスクステータスの記録_3,N,N,Y,MISSING
dedicated-fpt-kubernetes-engine,AutoScale,Y,Y,N,MISSING
dedicated-fpt-kubernetes-engine,Initial-Setup,Y,Y,N,MISSING
dedicated-fpt-kubernetes-engine,access-clusters-detail-information,Y,N,Y,MISSING
dedicated-fpt-kubernetes-engine,add-nfs-storage,Y,N,Y,MISSING
dedicated-fpt-kubernetes-engine,advanced-firewall,Y,N,Y,MISSING
dedicated-fpt-kubernetes-engine,auto-scale,Y,N,Y,MISSING
dedicated-fpt-kubernetes-engine,backup-and-restore-cluster,N,Y,N,MISSING
dedicated-fpt-kubernetes-engine,backup-restore-cluster,Y,N,Y,MISSING
dedicated-fpt-kubernetes-engine,best-practice-upgrade-fke-cluster-version,Y,Y,N,MISSING
dedicated-fpt-kubernetes-engine,best-practice-upgrade-version,Y,N,Y,MISSING
dedicated-fpt-kubernetes-engine,change-nfs-server-configuration,Y,N,Y,MISSING
dedicated-fpt-kubernetes-engine,change-nodes-configuration,Y,N,Y,MISSING
dedicated-fpt-kubernetes-engine,changing-cluster-configuration,Y,N,Y,MISSING
dedicated-fpt-kubernetes-engine,create-new-k8s-cluster,Y,N,Y,MISSING
dedicated-fpt-kubernetes-engine,delete-k8s-cluster,Y,N,Y,MISSING
dedicated-fpt-kubernetes-engine,dfke-advanced-firewall,Y,Y,N,MISSING
dedicated-fpt-kubernetes-engine,faqs,Y,N,Y,MISSING
dedicated-fpt-kubernetes-engine,fke-usage-notes,N,N,Y,MISSING
dedicated-fpt-kubernetes-engine,get-cluster-access-information,Y,N,Y,MISSING
dedicated-fpt-kubernetes-engine,increase-storage-size-of-nfs-server,Y,N,Y,MISSING
dedicated-fpt-kubernetes-engine,increase-storage-size-of-nodes,Y,N,Y,MISSING
dedicated-fpt-kubernetes-engine,initial-setup,Y,N,Y,MISSING
dedicated-fpt-kubernetes-engine,khoi-tao-kubernetes-cluster-moi,N,Y,N,MISSING
dedicated-fpt-kubernetes-engine,lay-thong-tin-truy-cap-cluster,N,Y,N,MISSING
dedicated-fpt-kubernetes-engine,list-created-clusters,Y,N,Y,MISSING
dedicated-fpt-kubernetes-engine,managing-k8s-cluster,Y,N,Y,MISSING
dedicated-fpt-kubernetes-engine,nang-cap-k8s-version,N,Y,N,MISSING
dedicated-fpt-kubernetes-engine,notes-when-using-dfke,Y,N,Y,MISSING
dedicated-fpt-kubernetes-engine,quan-ly-kubernetes-cluster,N,Y,N,MISSING
dedicated-fpt-kubernetes-engine,start-k8s-cluster,Y,N,Y,MISSING
dedicated-fpt-kubernetes-engine,start-kubernetes-cluster,N,Y,N,MISSING
dedicated-fpt-kubernetes-engine,stop-k8s-cluster,Y,N,Y,MISSING
dedicated-fpt-kubernetes-engine,stop-kubernetes-cluster,N,Y,N,MISSING
dedicated-fpt-kubernetes-engine,tang-storage-size-cua-nfs,N,Y,N,MISSING
dedicated-fpt-kubernetes-engine,tang-storage-size-cua-nodes,N,Y,N,MISSING
dedicated-fpt-kubernetes-engine,thay-doi-cau-hinh-k8s-cluster,N,Y,N,MISSING
dedicated-fpt-kubernetes-engine,thay-doi-flavor-cau-hinh-nfs,N,Y,N,MISSING
dedicated-fpt-kubernetes-engine,thay-doi-flavor-cau-hinh-nodes,N,Y,N,MISSING
dedicated-fpt-kubernetes-engine,them-nfs-persistent-storage,N,Y,N,MISSING
dedicated-fpt-kubernetes-engine,truy-cap-thong-tin-chi-tiet-cua-cluster,N,Y,N,MISSING
dedicated-fpt-kubernetes-engine,upgrade-k8s-version,N,N,Y,MISSING
dedicated-fpt-kubernetes-engine,upgrading-k8s-version,Y,N,Y,MISSING
dedicated-fpt-kubernetes-engine,xem-danh-sach-kubernetes-cluster-da-tao,N,Y,N,MISSING
dedicated-fpt-kubernetes-engine,xoa-kubernetes-cluster,N,Y,N,MISSING
end-user-request-resource,index,Y,Y,N,MISSING
file-storage-high-performance,Sử dụng File Storage - High Performance trên Kubernetes (K8S Cluster),Y,N,N,MISSING
file-storage-high-performance,file-storage-high-performance,N,N,Y,MISSING
file-storage-high-performance,index,Y,Y,N,MISSING
file-storage-high-performance,japan-region,Y,N,N,MISSING
file-storage-high-performance,quan-ly-mountpoint,N,Y,Y,MISSING
file-storage-high-performance,region-nhat-ban,N,N,Y,MISSING
file-storage-high-performance,region-viet-nam,N,N,Y,MISSING
file-storage-high-performance,su-dung-file-storage-high-performance-tren-kubernetes-k8s-cluster,N,N,Y,MISSING
file-storage-high-performance,using-file-storage-high-performance-on-kubernetes-k8s-cluster,Y,N,N,MISSING
file-storage-high-performance,vietnam-region,Y,N,N,MISSING
file-storage-high-performance,vn-su-dung-file-storage-high-performance-tren-baremetal-gpu-server,N,Y,Y,MISSING
fpt-api-management,consumer-api-usage-guide,Y,N,Y,MISSING
fpt-api-management,dang-ky-dich-vu-api-management-tren-fpt-portal,N,Y,N,MISSING
fpt-api-management,declaring-information,Y,N,Y,MISSING
fpt-api-management,fpt-api-management,N,N,Y,MISSING
fpt-api-management,huong-dan-nhanh-quick-starts,N,Y,N,MISSING
fpt-api-management,huong-dan-su-dung-cho-api-consumer,N,Y,N,MISSING
fpt-api-management,index,Y,Y,N,MISSING
fpt-api-management,khai-bao-thong-tin-tren-apimanager-application,N,Y,N,MISSING
fpt-api-management,manage-rest-apis,Y,N,Y,MISSING
fpt-api-management,managing-consumers,Y,N,Y,MISSING
fpt-api-management,managing-products,Y,N,Y,MISSING
fpt-api-management,managing-sites,Y,N,Y,MISSING
fpt-api-management,quan-ly-api-site,N,Y,N,MISSING
fpt-api-management,quan-ly-consumers,N,Y,N,MISSING
fpt-api-management,quan-ly-products,N,Y,N,MISSING
fpt-api-management,quan-ly-rest-apis,N,Y,N,MISSING
fpt-api-management,quick-starts,Y,N,Y,MISSING
fpt-api-management,registering-on-fpt-portal,Y,N,Y,MISSING
fpt-app-catalogs,add-cluster-to-app-catalogs-management,Y,N,Y,MISSING
fpt-app-catalogs,app-catalogs,Y,N,Y,MISSING
fpt-app-catalogs,change-applications-configuration,Y,N,Y,MISSING
fpt-app-catalogs,create-a-new-fpt-app-catalogs,Y,N,Y,MISSING
fpt-app-catalogs,delete-an-app-catalogs-mangement,Y,N,Y,MISSING
fpt-app-catalogs,deploy-app-catalogs-to-cluster,Y,N,Y,MISSING
fpt-app-catalogs,deploy-app-catalogs-toi-cluster,N,Y,N,MISSING
fpt-app-catalogs,filter-apps-da-duoc-deploy-theo-cluster,N,Y,N,MISSING
fpt-app-catalogs,filter-deployed-appplications-by-cluster,Y,N,Y,MISSING
fpt-app-catalogs,index,Y,Y,N,MISSING
fpt-app-catalogs,ket-noi-cluster-toi-app-catalog-management,N,Y,N,MISSING
fpt-app-catalogs,manage-app-catalogs,Y,N,Y,MISSING
fpt-app-catalogs,manage-deployed-applications,Y,N,Y,MISSING
fpt-app-catalogs,quan-ly-app-catalogs,N,Y,N,MISSING
fpt-app-catalogs,quan-ly-applications-da-duoc-deploy,N,Y,N,MISSING
fpt-app-catalogs,rollback-an-application-to-the-old-configuration,Y,N,Y,MISSING
fpt-app-catalogs,rollback-app-ve-cau-hinh-cu,N,Y,N,MISSING
fpt-app-catalogs,search-app-catalogs-from-a-repository,Y,N,Y,MISSING
fpt-app-catalogs,search-app-catalogs-trong-repository,N,Y,N,MISSING
fpt-app-catalogs,tao-moi-app-catalogs,N,Y,N,MISSING
fpt-app-catalogs,thay-doi-cau-hinh-cua-applications,N,Y,N,MISSING
fpt-app-catalogs,uninstall-applications,Y,N,Y,MISSING
fpt-app-catalogs,uninstall-applications-neu-muon-xoa-bo,N,Y,N,MISSING
fpt-app-catalogs,upgrade-applications-to-the-latest-version,Y,N,Y,MISSING
fpt-app-catalogs,upgrade-applications-toi-version-moi-nhat,N,Y,N,MISSING
fpt-app-catalogs,view-app-catalog-details,Y,N,Y,MISSING
fpt-app-catalogs,view-deployed-applications-details,Y,N,Y,MISSING
fpt-app-catalogs,xem-chi-tiet-app-da-deploy,N,Y,N,MISSING
fpt-app-catalogs,xem-thong-tin-chi-tiet-app-catalog,N,Y,N,MISSING
fpt-app-catalogs,xoa-app-catalog-management,N,Y,N,MISSING
fpt-appsec,detail-dasboard,Y,N,Y,MISSING
fpt-appsec,fpt-appsec,N,N,Y,MISSING
fpt-appsec,index,Y,Y,N,MISSING
fpt-argocd,Connect-Kubernetes-Cluster-to-ArgoCD-Instance,Y,N,Y,MISSING
fpt-argocd,Create-new-account-on-FPT-Cloud-Portal,Y,N,Y,MISSING
fpt-argocd,Create-new-webhook-secret,Y,N,Y,MISSING
fpt-argocd,Demo,Y,N,N,MISSING
fpt-argocd,Edit-webhook-secret,Y,N,N,MISSING
fpt-argocd,Managing-Account-on-ArgoCD,Y,N,N,MISSING
fpt-argocd,View-informations-ArgoCD,Y,N,Y,MISSING
fpt-argocd,add-cluster-to-argocd,N,N,Y,MISSING
fpt-argocd,add-cluster-toi-argocd,N,Y,N,MISSING
fpt-argocd,add-moi-webhook-secret,N,Y,N,MISSING
fpt-argocd,cau-hinh-build-option-cho-kustomize,N,Y,N,MISSING
fpt-argocd,cau-hinh-channel-de-thuc-hien-gui-thong-bao,N,Y,N,MISSING
fpt-argocd,cau-hinh-image-updater,N,Y,N,MISSING
fpt-argocd,cau-hinh-log-level,N,Y,N,MISSING
fpt-argocd,cau-hinh-notifications,N,Y,N,MISSING
fpt-argocd,cau-hinh-oidc-config,N,Y,N,MISSING
fpt-argocd,cau-hinh-oidc-phuc-vu-sso-config,N,Y,N,MISSING
fpt-argocd,cau-hinh-rbac,N,Y,N,MISSING
fpt-argocd,cau-hinh-timereconcile,N,Y,N,MISSING
fpt-argocd,cau-hinh-webhook,N,Y,N,MISSING
fpt-argocd,cau-hinh-whitelist-ip,N,Y,N,MISSING
fpt-argocd,check-service-package-info,Y,N,Y,MISSING
fpt-argocd,cho-phep-enable-applications-set,N,Y,N,MISSING
fpt-argocd,configure-build-options-kustomize,Y,N,Y,MISSING
fpt-argocd,configure-image-updater,Y,N,Y,MISSING
fpt-argocd,configure-log-level,Y,N,Y,MISSING
fpt-argocd,configure-notification-channels,Y,N,Y,MISSING
fpt-argocd,configure-notifications,Y,N,Y,MISSING
fpt-argocd,configure-oidc-config,Y,N,Y,MISSING
fpt-argocd,configure-oidc-sso,Y,N,Y,MISSING
fpt-argocd,configure-rbac,Y,N,Y,MISSING
fpt-argocd,configure-timereconcile,Y,N,Y,MISSING
fpt-argocd,configure-webhook,Y,N,Y,MISSING
fpt-argocd,configure-webhook-with-secret,Y,N,Y,MISSING
fpt-argocd,configure-whitelist-ip,Y,N,Y,MISSING
fpt-argocd,create-fpt-argocd,Y,N,Y,MISSING
fpt-argocd,delete-oidc-config,Y,N,Y,MISSING
fpt-argocd,delete-oidc-da-cau-hinh,N,Y,N,MISSING
fpt-argocd,edit-webhook-secret,N,Y,Y,MISSING
fpt-argocd,enable-applications-set,Y,N,Y,MISSING
fpt-argocd,enable-disable-argocd-images-updater,N,Y,N,MISSING
fpt-argocd,enable-disable-chuc-nang-cau-hinh-oidc,N,Y,N,MISSING
fpt-argocd,enable-disable-images-updater,Y,N,Y,MISSING
fpt-argocd,enable-disable-notificaions,N,Y,N,MISSING
fpt-argocd,enable-disable-notifications,Y,N,Y,MISSING
fpt-argocd,enable-disable-oidc,Y,N,Y,MISSING
fpt-argocd,huong-dan-cau-hinh-argocd-cluster-de-deploy-ung-dung-voi-manifes,Y,Y,N,MISSING
fpt-argocd,huong-dan-cau-hinh-notifications-de-nhan-thong-bao,Y,Y,N,MISSING
fpt-argocd,huong-dan-dang-nhap-vao-argocd,Y,Y,N,MISSING
fpt-argocd,huong-dan-deploy-applications-qua-argocd-cli,Y,Y,N,MISSING
fpt-argocd,huong-dan-deploy-applications-qua-helm-chart-repo,Y,Y,N,MISSING
fpt-argocd,huong-dan-deploy-mot-appliations-voi-kustomize-su-dung-build-options,Y,Y,N,MISSING
fpt-argocd,huong-dan-su-dung-applicationset-de-deploy,Y,Y,N,MISSING
fpt-argocd,huong-dan-tich-hop-argocd-images-updater,Y,Y,N,MISSING
fpt-argocd,huong-dan-tich-hop-oidc-de-quan-ly-account,Y,Y,N,MISSING
fpt-argocd,index,Y,Y,N,MISSING
fpt-argocd,kiem-tra-thong-tin-goi-dich-vu,N,Y,N,MISSING
fpt-argocd,manage-accounts,Y,N,Y,MISSING
fpt-argocd,manage-admin-account,Y,N,Y,MISSING
fpt-argocd,manage-container-registry,Y,N,Y,MISSING
fpt-argocd,manage-registry-secrets,Y,N,Y,MISSING
fpt-argocd,manage-secrets,Y,N,Y,MISSING
fpt-argocd,mange-admin-account,N,Y,N,MISSING
fpt-argocd,nang-goi-dich-vu-dang-su-dung,N,Y,N,MISSING
fpt-argocd,quan-ly-account-tren-argocd,N,Y,N,MISSING
fpt-argocd,quan-ly-container-registry,N,Y,N,MISSING
fpt-argocd,quan-ly-registry-secret,N,Y,N,MISSING
fpt-argocd,quan-ly-secret,N,Y,N,MISSING
fpt-argocd,tao-moi-account-tren-portal,N,Y,N,MISSING
fpt-argocd,tao-moi-fpt-argocd,N,Y,N,MISSING
fpt-argocd,thuc-hien-cau-hinh-webhook-voi-webhook-secret-da-duoc-tao,N,Y,N,MISSING
fpt-argocd,update-cau-hinh-oidc,N,Y,N,MISSING
fpt-argocd,update-oidc-config,Y,N,Y,MISSING
fpt-argocd,upgrade-service-package,Y,N,Y,MISSING
fpt-argocd,xem-thong-tin-chi-tiet-argocd,N,Y,N,MISSING
fpt-autoscale,index,Y,Y,N,MISSING
fpt-backup-as-a-service,index,Y,Y,N,MISSING
fpt-cloud-desktop,index,Y,Y,N,MISSING
fpt-cloud-desktop,overview-fcd,N,N,Y,MISSING
fpt-cloud-monitoring,index,Y,Y,N,MISSING
fpt-cloud-portal,fpt-cloud-portal,N,N,Y,MISSING
fpt-cloud-portal,index,Y,Y,N,MISSING
fpt-cloud-portal-pay-as-you-gofpt-cloud-portal-pay-as-you-go,choose-the-form-of-PAYG-and-verify-the-phon- number,Y,Y,N,MISSING
fpt-cloud-waf,add-stream-host,N,N,Y,MISSING
fpt-cloud-waf,battat-proxy-host,N,Y,N,MISSING
fpt-cloud-waf,cap-nhat-thong-tin-cho-proxy-host,N,Y,N,MISSING
fpt-cloud-waf,cau-hinh-ket-noi-may-chu-waf,N,Y,N,MISSING
fpt-cloud-waf,chinh-sua-may-chu-waf,N,Y,N,MISSING
fpt-cloud-waf,configure-waf-server-connection,Y,N,Y,MISSING
fpt-cloud-waf,create-proxy-host,Y,N,Y,MISSING
fpt-cloud-waf,delete-proxy-host,Y,N,Y,MISSING
fpt-cloud-waf,delete-waf-server,Y,N,Y,MISSING
fpt-cloud-waf,edit-waf-server,N,N,Y,MISSING
fpt-cloud-waf,enable-disable-proxy-host,Y,N,Y,MISSING
fpt-cloud-waf,manage-404-host,Y,N,Y,MISSING
fpt-cloud-waf,manage-access-list,Y,N,Y,MISSING
fpt-cloud-waf,manage-proxy-host,Y,N,Y,MISSING
fpt-cloud-waf,manage-redirection-host,Y,N,Y,MISSING
fpt-cloud-waf,manage-security-rule-set,Y,N,N,MISSING
fpt-cloud-waf,manage-security-rule-sets,N,N,Y,MISSING
fpt-cloud-waf,manage-ssl-certificate,Y,N,N,MISSING
fpt-cloud-waf,manage-ssl-certificates,N,N,Y,MISSING
fpt-cloud-waf,manage-stream-host,Y,N,N,MISSING
fpt-cloud-waf,manage-waf-dashboard-users,N,N,Y,MISSING
fpt-cloud-waf,manage-waf-server-with-waf-dashboard,Y,N,N,MISSING
fpt-cloud-waf,monitor-waf-dashboard-overview,N,N,Y,MISSING
fpt-cloud-waf,monitor-waf-server-with-dashboard-overview,Y,N,N,MISSING
fpt-cloud-waf,monitor-waf-voi-dashboard-overview,N,Y,N,MISSING
fpt-cloud-waf,quan-ly-404-host,N,Y,N,MISSING
fpt-cloud-waf,quan-ly-access-list,N,Y,N,MISSING
fpt-cloud-waf,quan-ly-nguoi-dung-cua-waf-dashboard,N,Y,N,MISSING
fpt-cloud-waf,quan-ly-redirection-host,N,Y,N,MISSING
fpt-cloud-waf,quan-ly-security-rule-sets,N,Y,N,MISSING
fpt-cloud-waf,quan-ly-ssl-certificates,N,Y,N,MISSING
fpt-cloud-waf,tao-moi-proxy-host,N,Y,N,MISSING
fpt-cloud-waf,them-moi-stream-host,N,Y,N,MISSING
fpt-cloud-waf,tutorials-add-waf-server,N,N,Y,MISSING
fpt-cloud-waf,tutorials-create-a-new-waf-server,Y,N,N,MISSING
fpt-cloud-waf,tutorials-dang-nhap-waf-dashboard,N,Y,N,MISSING
fpt-cloud-waf,tutorials-log-in-to-waf-dashboard,Y,N,N,MISSING
fpt-cloud-waf,tutorials-log-in-waf-dashboard,N,N,Y,MISSING
fpt-cloud-waf,tutorials-them-moi-may-chu-waf,N,Y,N,MISSING
fpt-cloud-waf,update-information-of-the-WAF-server,Y,N,N,MISSING
fpt-cloud-waf,update-proxy-host,Y,N,Y,MISSING
fpt-cloud-waf,view-proxy-host-detail,Y,N,Y,MISSING
fpt-cloud-waf,xem-thong-tin-chi-tiet-proxy-host,N,Y,N,MISSING
fpt-cloud-waf,xoa-may-chu-waf,N,Y,N,MISSING
fpt-cloud-waf,xoa-proxy-host,N,Y,N,MISSING
fpt-cloud-wapples,backup-restore,Y,N,Y,MISSING
fpt-cloud-wapples,index,Y,Y,N,MISSING
fpt-cloud-wapples,malicious-ip,N,N,Y,MISSING
fpt-cloud-wapples,user-defined-pattern,N,N,Y,MISSING
fpt-container-registry,Initial Setup,N,N,Y,MISSING
fpt-container-registry,cap-nhat-robot-account,Y,Y,N,MISSING
fpt-container-registry,cau-hinh-lap-lich-chay-retention-rule,Y,Y,N,MISSING
fpt-container-registry,cem-chi-tiet-quota-dich-vu,Y,Y,N,MISSING
fpt-container-registry,deleting-an-image-or-artifact-in-a-repository,Y,N,N,MISSING
fpt-container-registry,disable-robot-account-dang-su-dung,Y,Y,N,MISSING
fpt-container-registry,docker-cli,Y,N,N,MISSING
fpt-container-registry,enable-robot-account,Y,Y,N,MISSING
fpt-container-registry,enabling-fpt-container-registry-service,Y,N,Y,MISSING
fpt-container-registry,huong-dan-nang-goi-dich-vu-dang-su-dung,Y,Y,N,MISSING
fpt-container-registry,huong-dan-su-dung-robot-account,Y,Y,N,MISSING
fpt-container-registry,huong-dan-su-dung-tren-docker-cli,N,Y,N,MISSING
fpt-container-registry,initial-setup,Y,Y,N,MISSING
fpt-container-registry,kich-hoat-dich-vu,Y,Y,N,MISSING
fpt-container-registry,kiem-tra-thong-tin-goi-dich-vu,Y,Y,N,MISSING
fpt-container-registry,managing-repositories,N,N,Y,MISSING
fpt-container-registry,managing-repositories-on-the-fpt-cloud-portal,Y,N,N,MISSING
fpt-container-registry,pull-docker-image-tu-fpt-container-registry-ve-local,Y,Y,N,MISSING
fpt-container-registry,pulling-docker-image,N,N,Y,MISSING
fpt-container-registry,pulling-docker-image-from-fpt-container-registry-to-local,Y,N,N,MISSING
fpt-container-registry,quan-ly-goi-dich-vu,N,Y,N,MISSING
fpt-container-registry,quan-ly-ket-qua-scan-images,Y,Y,N,MISSING
fpt-container-registry,quan-ly-repositories-tren-fpt-portal,N,Y,N,MISSING
fpt-container-registry,quan-ly-retention-rule,Y,Y,N,MISSING
fpt-container-registry,quan-ly-retention-run,Y,Y,N,MISSING
fpt-container-registry,quan-ly-robot-account,N,Y,N,MISSING
fpt-container-registry,quan-ly-tag-retention-rule,Y,Y,N,MISSING
fpt-container-registry,retention-rule,N,N,Y,MISSING
fpt-container-registry,robot-account,N,N,Y,MISSING
fpt-container-registry,scan-image,N,Y,Y,MISSING
fpt-container-registry,scan-image-1,N,Y,N,MISSING
fpt-container-registry,stop-scan,Y,Y,N,MISSING
fpt-container-registry,tag-va-push-image-len-fpt-container-registry,Y,Y,N,MISSING
fpt-container-registry,tagging-and-pushing-images,N,N,Y,MISSING
fpt-container-registry,tagging-and-pushing-images-to-fpt-container-registry,Y,N,N,MISSING
fpt-container-registry,tao-moi-robot-account,N,Y,N,MISSING
fpt-container-registry,them-moi-tag-retention-rule,Y,Y,N,MISSING
fpt-container-registry,view-repositories-list,Y,N,N,MISSING
fpt-container-registry,xem-danh-sach-repositories,N,Y,N,MISSING
fpt-container-registry,xem-danh-sach-robot-account,N,Y,N,MISSING
fpt-container-registry,xoa-image-hoac-artifact-trong-repositories,Y,Y,N,MISSING
fpt-container-registry,xoa-mot-robot-account,Y,Y,N,MISSING
fpt-event-gateway,quan-ly-router,Y,N,Y,MISSING
fpt-event-gateway,quan-ly-router-group,Y,N,Y,MISSING
fpt-event-gateway,quan-ly-security,Y,N,Y,MISSING
fpt-jenkins-ci,index,Y,Y,N,MISSING
fpt-jenkins-ci,quan-ly-cau-hinh,Y,N,Y,MISSING
fpt-kafka,fpt-kafka,N,N,Y,MISSING
fpt-kafka,index,Y,Y,N,MISSING
fpt-key-vault,Auth-Method-Management,Y,N,N,MISSING
fpt-key-vault,Create-Auth-Method,Y,N,N,MISSING
fpt-key-vault,Create-Policy,Y,N,N,MISSING
fpt-key-vault,Create-Role,Y,N,N,MISSING
fpt-key-vault,Create-Secret-Engine,Y,N,N,MISSING
fpt-key-vault,Create-Secret-in-Secret-Engine,Y,N,N,MISSING
fpt-key-vault,Create-Vault-Instance,Y,N,N,MISSING
fpt-key-vault,Delete-Policy,Y,N,N,MISSING
fpt-key-vault,Delete-Secret,Y,N,N,MISSING
fpt-key-vault,Delete-Secret-Engine,Y,N,N,MISSING
fpt-key-vault,Policy-management,Y,N,N,MISSING
fpt-key-vault,Secret-Engine-Management,Y,N,N,MISSING
fpt-key-vault,Secret-management,Y,N,N,MISSING
fpt-key-vault,View-and-Update-Secret-information,Y,N,N,MISSING
fpt-key-vault,auth-method-management,N,N,Y,MISSING
fpt-key-vault,create-auth-method,N,N,Y,MISSING
fpt-key-vault,create-policy,N,N,Y,MISSING
fpt-key-vault,create-role,N,N,Y,MISSING
fpt-key-vault,create-secret,N,N,Y,MISSING
fpt-key-vault,create-secret-engine,N,N,Y,MISSING
fpt-key-vault,create-vault-instance,N,N,Y,MISSING
fpt-key-vault,delete-policy,N,N,Y,MISSING
fpt-key-vault,delete-secret,N,N,Y,MISSING
fpt-key-vault,delete-secret-engine,N,N,Y,MISSING
fpt-key-vault,policy-management,N,N,Y,MISSING
fpt-key-vault,secret-engine-management,N,N,Y,MISSING
fpt-key-vault,secret-management,N,N,Y,MISSING
fpt-key-vault,tutorials-khoi-tao-vault-instance,Y,Y,N,MISSING
fpt-key-vault,tutorials-tao-auth-method,Y,Y,N,MISSING
fpt-key-vault,tutorials-tao-policy,Y,Y,N,MISSING
fpt-key-vault,tutorials-tao-role,Y,Y,N,MISSING
fpt-key-vault,tutorials-tao-secret-engine,Y,Y,N,MISSING
fpt-key-vault,tutorials-tao-secret-tren-secret-engine,Y,Y,N,MISSING
fpt-key-vault,tutorials-xoa-policy,Y,Y,N,MISSING
fpt-key-vault,tutorials-xoa-secret,Y,Y,N,MISSING
fpt-key-vault,tutorials-xoa-secret-engine,Y,Y,N,MISSING
fpt-key-vault,view-update-secret,N,N,Y,MISSING
fpt-kubernetes-engine-with-gpu,fpt-kubernetes-engine-with-gpu,N,N,Y,MISSING
fpt-kubernetes-engine-with-gpu,index,Y,Y,N,MISSING
fpt-managed-gpu-cluster,quan-ly-managed-gpu-cluster,N,N,Y,MISSING
fpt-managed-gpu-cluster,thay-doi-cau-hinh-k8s,N,N,Y,MISSING
fpt-message-bus,Create-Subscriptions,Y,N,N,MISSING
fpt-message-bus,Create-topics,Y,N,N,MISSING
fpt-message-bus,Delete-queues,Y,N,N,MISSING
fpt-message-bus,Delete-topics,Y,N,N,MISSING
fpt-message-bus,Edit-topics,Y,N,N,MISSING
fpt-message-bus,Manage-Queues,Y,N,N,MISSING
fpt-message-bus,Manage-topics,Y,N,N,MISSING
fpt-message-bus,Quick-Starts,Y,N,N,MISSING
fpt-message-bus,Send-Receive-messages-in-topics,Y,N,N,MISSING
fpt-message-bus,create-queues,N,N,Y,MISSING
fpt-message-bus,create-subscriptions,N,N,Y,MISSING
fpt-message-bus,create-topics,N,N,Y,MISSING
fpt-message-bus,delete-queues,N,N,Y,MISSING
fpt-message-bus,delete-topics,N,N,Y,MISSING
fpt-message-bus,edit-topics,N,N,Y,MISSING
fpt-message-bus,fpt-message-bus-for-rabbitmq,Y,N,Y,MISSING
fpt-message-bus,gui-nhan-message-trong-queues,N,Y,N,MISSING
fpt-message-bus,gui-nhan-messages-trong-topics,N,Y,N,MISSING
fpt-message-bus,huong-dan-nhanh-quick-starts,N,Y,N,MISSING
fpt-message-bus,index,Y,Y,N,MISSING
fpt-message-bus,manage-queues,N,N,Y,MISSING
fpt-message-bus,manage-topics,N,N,Y,MISSING
fpt-message-bus,quan-ly-queues,N,Y,N,MISSING
fpt-message-bus,quick-starts,N,N,Y,MISSING
fpt-message-bus,send-receive-messages-in-queues,N,N,Y,MISSING
fpt-message-bus,send-receive-messages-in-topics,N,N,Y,MISSING
fpt-message-bus,sua-topic,N,Y,N,MISSING
fpt-message-bus,tao-queues,N,Y,N,MISSING
fpt-message-bus,tao-subscriptions,N,Y,N,MISSING
fpt-message-bus,tao-topics,N,Y,N,MISSING
fpt-message-bus,view-queues,N,N,Y,MISSING
fpt-message-bus,xem-queues,Y,Y,N,MISSING
fpt-message-bus,xoa-queues,N,Y,N,MISSING
fpt-message-bus,xoa-topics,N,Y,N,MISSING
fpt-object-storage,SDK-API-Reference,Y,Y,N,MISSING
fpt-object-storage,bucket-config,N,N,Y,MISSING
fpt-object-storage,build-static-website,N,N,Y,MISSING
fpt-object-storage,clone-bucket-data,N,N,Y,MISSING
fpt-object-storage,clone-du-lieu-giua-hai-bucket-khac-nhau,Y,Y,N,MISSING
fpt-object-storage,integrate-s3-clients,N,N,Y,MISSING
fpt-object-storage,manage-access-keys,N,N,Y,MISSING
fpt-object-storage,manage-bucket,N,N,Y,MISSING
fpt-object-storage,manage-objects,N,N,Y,MISSING
fpt-object-storage,manage-permissions,N,N,Y,MISSING
fpt-object-storage,manage-subusers,N,N,Y,MISSING
fpt-object-storage,mount-bucket-local,N,N,Y,MISSING
fpt-object-storage,mount-bucket-thanh-o-dia-tren-may-local,Y,Y,N,MISSING
fpt-object-storage,object-storage,Y,N,N,MISSING
fpt-object-storage,phan-quyen-su-dung-bucket-cho-cac-subuser,Y,Y,N,MISSING
fpt-object-storage,sdk-api-reference,N,N,Y,MISSING
fpt-object-storage,su-dung-fpt-object-storage-lam-media-server-luu-tru-va-phan-phoi-media-file-cho-websiteweb-application,Y,Y,N,MISSING
fpt-object-storage,subuser-bucket-permissions,N,N,Y,MISSING
fpt-object-storage,tutorials-bucket-config,Y,Y,N,MISSING
fpt-object-storage,tutorials-encryption,Y,Y,N,MISSING
fpt-object-storage,tutorials-integrate-fpt-object-storage-with-s3-client,Y,N,N,MISSING
fpt-object-storage,tutorials-object,Y,Y,N,MISSING
fpt-object-storage,tutorials-quan-ly-access-key-cua-object-storage-tren-fpt-portal,Y,Y,N,MISSING
fpt-object-storage,tutorials-quan-ly-subuser,Y,Y,N,MISSING
fpt-object-storage,tutorials-su-dung-object-storage-tren-s3-client,N,Y,N,MISSING
fpt-object-storage,tutorials-tich-hop-fpt-object-storage-voi-cac-s3-client,N,Y,N,MISSING
fpt-object-storage,tutorials-using-object-storage-on-fpt-portal,Y,N,N,MISSING
fpt-object-storage,tutorials-using-object-storage-on-s3-browser,Y,N,N,MISSING
fpt-object-storage,use-as-media-server,N,N,Y,MISSING
fpt-object-storage,use-on-fpt-portal,N,N,Y,MISSING
fpt-object-storage,use-with-s3-browser,N,N,Y,MISSING
fpt-object-storage,xay-dung-mot-website-tinh-bang-fpt-object-storage,Y,Y,N,MISSING
gateway,index,Y,Y,N,MISSING
global-search,global-search-usage,Y,N,Y,MISSING
gpu-container,gpu-container,N,N,Y,MISSING
gpu-container,index,Y,Y,N,MISSING
gpu-container,vllm-use-cases,N,Y,Y,MISSING
gpu-virtual-machine-en,GPU-VM -インスタンス-の-作成,N,N,Y,MISSING
gpu-virtual-machine-en,IPアドレス（フローティングIP）の割り当て,N,N,Y,MISSING
gpu-virtual-machine-en,index,Y,Y,N,MISSING
gpu-virtual-machine-en,クイック-スタート,N,N,Y,MISSING
gpu-virtual-machine-en,サブネット-の-作成,N,N,Y,MISSING
gpu-virtual-machine-en,サーバーへのアクセス,N,N,Y,MISSING
gpu-virtual-machine-en,セキュリティグループの作成,N,N,Y,MISSING
huong-dan-su-dung-grafana,index,Y,Y,N,MISSING
iam,2FA configuration,Y,N,N,MISSING
iam,Change password,Y,N,N,MISSING
iam,Check Activity logs,Y,N,N,MISSING
iam,Create an account and access the invited VPC,Y,N,Y,MISSING
iam,Create-a-Role-and-Assign-Permissions-to-the-Role,Y,N,Y,MISSING
iam,Delete IP access record.,Y,N,N,MISSING
iam,IAM-User-Overview,N,Y,Y,MISSING
iam,Invite new IAM users,Y,N,Y,MISSING
iam,Role-Overview,Y,Y,N,MISSING
iam,User Group-Overview,N,Y,N,MISSING
iam,activity-log-ip-access,N,Y,N,MISSING
iam,cau hinh 2fa,N,Y,N,MISSING
iam,change-password,N,N,Y,MISSING
iam,chinh sua role va permission,N,Y,N,MISSING
iam,chinh sua user group,N,Y,N,MISSING
iam,configure-2fa,N,N,Y,MISSING
iam,create-ip,N,Y,N,MISSING
iam,create-ip-access,Y,N,Y,MISSING
iam,create-user-group,Y,N,Y,MISSING
iam,delete-ip-access,N,Y,Y,MISSING
iam,delete-role,Y,N,Y,MISSING
iam,delete-user-group,Y,N,Y,MISSING
iam,edit-role,N,N,Y,MISSING
iam,edit-role-and-permissions,Y,N,N,MISSING
iam,edit-user-group,Y,N,N,MISSING
iam,iam-user-overview,Y,N,N,MISSING
iam,invite iam user moi,N,Y,N,MISSING
iam,ip-access-activity-log,N,N,Y,MISSING
iam,ip-access-overview,N,Y,N,MISSING
iam,khoi tao account va truy cap vao vpc da duoc moi,N,Y,N,MISSING
iam,khoi tao role va phan quyen cho role,N,Y,N,MISSING
iam,khoi tao user group moi,N,Y,N,MISSING
iam,overview-iam-user,Y,N,Y,MISSING
iam,overview-ip-access,Y,N,Y,MISSING
iam,overview-user-group,Y,N,Y,MISSING
iam,role-overview,N,N,Y,MISSING
iam,thay doi mat khau,N,Y,N,MISSING
iam,user-group-overview,Y,N,N,MISSING
iam,view-detail-user-group,Y,N,N,MISSING
iam,view-role-detail,Y,N,Y,MISSING
iam,view-role-list,Y,N,Y,MISSING
iam,view-user-group-detail,N,N,Y,MISSING
iam,view-user-group-list,N,N,Y,MISSING
iam,xem chi tiet role,N,Y,N,MISSING
iam,xem chi tiet user group,N,Y,N,MISSING
iam,xem danh sach role,N,Y,N,MISSING
iam,xoa role,N,Y,N,MISSING
iam,xoa user groups,N,Y,N,MISSING
incident-management,atlassian-jira,Y,N,Y,MISSING
incident-management,cau-hinh-integrations,N,Y,N,MISSING
incident-management,cau-hinh-settings,N,Y,N,MISSING
incident-management,change-the-incident-severity,Y,N,Y,MISSING
incident-management,change-the-incident-status,Y,N,Y,MISSING
incident-management,configure-incident-settings,Y,N,Y,MISSING
incident-management,configure-integrations,Y,N,Y,MISSING
incident-management,create-by-incoming-webhook,N,Y,N,MISSING
incident-management,create-incident-via-webhook,Y,N,Y,MISSING
incident-management,incident-data-visualization,Y,N,Y,MISSING
incident-management,incident-management,Y,N,N,MISSING
incident-management,incident-management-overview,N,Y,Y,MISSING
incident-management,incoming-webhook,Y,N,N,MISSING
incident-management,jira,N,Y,N,MISSING
incident-management,manage-incidents,Y,N,Y,MISSING
incident-management,tao-incident,N,Y,N,MISSING
incident-management,thay-doi-muc-do-anh-huong-incident,N,Y,N,MISSING
incident-management,thay-doi-trang-thai-incident,N,Y,N,MISSING
incident-management,truc-quan-du-lieu-incident,N,Y,N,MISSING
incident-management,view-incident-detail,Y,N,Y,MISSING
incident-management,xem-chi-tiet-incident,N,Y,N,MISSING
load-balancer,Allow-IP-CIDR,Y,Y,N,MISSING
load-balancer,Initial Setup,N,N,Y,MISSING
load-balancer,SNI-load-balancer,Y,Y,N,MISSING
load-balancer,add-external-member,Y,N,Y,MISSING
load-balancer,allow-ip-cidr,Y,N,Y,MISSING
load-balancer,cau-hinh-timeout,Y,Y,N,MISSING
load-balancer,chinh-sua-cau-hinh-health-check,Y,Y,N,MISSING
load-balancer,chinh-sua-listener,Y,Y,N,MISSING
load-balancer,classic-import-ssl-certificate,Y,N,Y,MISSING
load-balancer,configure-health-check,Y,N,Y,MISSING
load-balancer,configure-sni,Y,N,Y,MISSING
load-balancer,configure-timeout,Y,N,Y,MISSING
load-balancer,create-listener,Y,N,Y,MISSING
load-balancer,create-load-balancer,Y,N,Y,MISSING
load-balancer,create-server-pool,Y,N,Y,MISSING
load-balancer,enable-hsts,Y,N,Y,MISSING
load-balancer,import-ssl-certificate,Y,N,Y,MISSING
load-balancer,initial-setup,Y,Y,N,MISSING
load-balancer,integrate-with-fmon,Y,N,Y,MISSING
load-balancer,khoi tao mot load balancer moi,Y,Y,N,MISSING
load-balancer,khoi-tao-listener,Y,Y,N,MISSING
load-balancer,khoi-tao-load-balancer,Y,Y,N,MISSING
load-balancer,khoi-tao-server-pool,Y,Y,N,MISSING
load-balancer,monitor-load-balancer,Y,N,Y,MISSING
load-balancer,redirect-http-request-sang-https,N,Y,N,MISSING
load-balancer,redirect-http-to-https,Y,N,Y,MISSING
load-balancer,tao import ssl certificate,N,Y,N,MISSING
load-balancer,thay doi thong tin cau hinh load balancer,Y,Y,N,MISSING
load-balancer,them may ao vao load balancer,Y,Y,N,MISSING
load-balancer,them-bot-member-cho-server-pool,Y,Y,N,MISSING
load-balancer,them-external-member,Y,Y,N,MISSING
load-balancer,theo-doi-bieu-do-load-balancer,Y,Y,N,MISSING
load-balancer,tich-hop-fmon,N,Y,N,MISSING
load-balancer,update-load-balancer,Y,N,Y,MISSING
load-balancer,xem thong tin chi tiet ssl certificate,Y,Y,N,MISSING
load-balancer,xoa load balancer,Y,Y,N,MISSING
load-balancer,xoa may ao khoi load balancer,Y,Y,N,MISSING
load-balancer,xoa-ssl-certificate,N,Y,N,MISSING
managed-fpt-database-engine,Cap-nhat-va-xoa-Backup-Service,Y,Y,N,MISSING
managed-fpt-database-engine,DB-proxy,N,Y,N,MISSING
managed-fpt-database-engine,Khoi-tao-DB-Proxy,N,Y,N,MISSING
managed-fpt-database-engine,Phan-quyen-tinh-nang-Database,N,Y,N,MISSING
managed-fpt-database-engine,Provision-Database-Engine,N,Y,N,MISSING
managed-fpt-database-engine,Quan-ly-Backups,N,Y,N,MISSING
managed-fpt-database-engine,Quan-ly-Restore,N,Y,N,MISSING
managed-fpt-database-engine,Roles,N,Y,N,MISSING
managed-fpt-database-engine,Thao-tac-voi-DB-Proxy,N,Y,N,MISSING
managed-fpt-database-engine,create-backup-service,Y,N,Y,MISSING
managed-fpt-database-engine,create-database-engine,Y,N,Y,MISSING
managed-fpt-database-engine,create-db-proxy,Y,N,Y,MISSING
managed-fpt-database-engine,create-floating-ip,Y,N,Y,MISSING
managed-fpt-database-engine,create-security-groups,Y,N,Y,MISSING
managed-fpt-database-engine,create-subnets,Y,N,Y,MISSING
managed-fpt-database-engine,database-feature-permissions,Y,N,Y,MISSING
managed-fpt-database-engine,manage-backups,Y,N,Y,MISSING
managed-fpt-database-engine,manage-configuration,Y,N,Y,MISSING
managed-fpt-database-engine,manage-database-engine,Y,N,Y,MISSING
managed-fpt-database-engine,manage-db-proxy,Y,N,Y,MISSING
managed-fpt-database-engine,manage-event-logs,Y,N,Y,MISSING
managed-fpt-database-engine,manage-resources,Y,N,Y,MISSING
managed-fpt-database-engine,manage-restore,Y,N,Y,MISSING
managed-fpt-database-engine,process-monitoring,Y,N,Y,MISSING
managed-fpt-database-engine,provision-database-engine,Y,N,Y,MISSING
managed-fpt-database-engine,report,Y,N,N,MISSING
managed-fpt-database-engine,roles,Y,N,Y,MISSING
managed-fpt-database-engine,tao-security-groups,N,Y,N,MISSING
managed-fpt-database-engine,tạo-floating-IP,N,Y,N,MISSING
managed-fpt-database-engine,tạo-subnets,N,Y,N,MISSING
managed-fpt-database-engine,update-delete-backup-job,Y,N,Y,MISSING
managed-fpt-database-engine,update-delete-backup-service,Y,N,Y,MISSING
managed-fpt-kubernetes-engine,Initial-setup,Y,Y,N,MISSING
managed-fpt-kubernetes-engine,addding-gpu-worker-group,Y,N,Y,MISSING
managed-fpt-kubernetes-engine,audit-log,N,N,Y,MISSING
managed-fpt-kubernetes-engine,audit-log-vn,Y,Y,N,MISSING
managed-fpt-kubernetes-engine,auto-upgrade-guide,N,N,Y,MISSING
managed-fpt-kubernetes-engine,auto-upgrade-version,N,N,Y,MISSING
managed-fpt-kubernetes-engine,backup-restore,N,N,Y,MISSING
managed-fpt-kubernetes-engine,backup-restore-vn,Y,Y,N,MISSING
managed-fpt-kubernetes-engine,bat-tat-node-auto-repair,N,Y,N,MISSING
managed-fpt-kubernetes-engine,benchmark-cluster,N,N,Y,MISSING
managed-fpt-kubernetes-engine,cac-luu-y-khi-su-dung-m-fke,N,Y,N,MISSING
managed-fpt-kubernetes-engine,cau-hinh-proxy-protocol,N,Y,N,MISSING
managed-fpt-kubernetes-engine,cau-hinh-proxy-protocol-cho-istio-ingress,N,Y,N,MISSING
managed-fpt-kubernetes-engine,cau-hinh-proxy-protocol-cho-nginx-ingress,N,Y,N,MISSING
managed-fpt-kubernetes-engine,change-base-worker-group,N,N,Y,MISSING
managed-fpt-kubernetes-engine,change-cluster-endpoint-access,N,N,Y,MISSING
managed-fpt-kubernetes-engine,change-lb-internal-subnet,N,N,Y,MISSING
managed-fpt-kubernetes-engine,change-worker-pool-flavor,N,N,Y,MISSING
managed-fpt-kubernetes-engine,changing-clusters-configuration,Y,N,Y,MISSING
managed-fpt-kubernetes-engine,chinh-sua-label-taint-cho-worker-group,N,Y,N,MISSING
managed-fpt-kubernetes-engine,chuyen-worker-group-base,N,Y,N,MISSING
managed-fpt-kubernetes-engine,configure-coredns,N,N,Y,MISSING
managed-fpt-kubernetes-engine,configure-proxy-protocol,N,N,Y,MISSING
managed-fpt-kubernetes-engine,container-level-auto-scaling,Y,N,Y,MISSING
managed-fpt-kubernetes-engine,danh-tag-cho-vm,N,Y,N,MISSING
managed-fpt-kubernetes-engine,dich-vu-gpu-tren-k8s,Y,Y,N,MISSING
managed-fpt-kubernetes-engine,dieu-chinh-cau-hinh-coredns-trong-kubernetes-service,N,Y,N,MISSING
managed-fpt-kubernetes-engine,disable-cluster-autoscale,Y,N,Y,MISSING
managed-fpt-kubernetes-engine,enable-cluster-autoscale,Y,N,Y,MISSING
managed-fpt-kubernetes-engine,enable-disable-auto-repair,N,N,Y,MISSING
managed-fpt-kubernetes-engine,fpt-cloud-managed-kubernetes-release-calendar,N,Y,N,MISSING
managed-fpt-kubernetes-engine,gioi-thieu-chung-ve-quy-trinh-quan-ly-version,N,Y,N,MISSING
managed-fpt-kubernetes-engine,gpu-fpt-cloud,Y,N,N,MISSING
managed-fpt-kubernetes-engine,gpu-la-gi,Y,Y,N,MISSING
managed-fpt-kubernetes-engine,gpu-service-on-k8s,N,N,Y,MISSING
managed-fpt-kubernetes-engine,hibernate-wakeup,N,N,Y,MISSING
managed-fpt-kubernetes-engine,hibernate-wakeup-schedule,N,N,Y,MISSING
managed-fpt-kubernetes-engine,how-to-use-gpu-in-kubernetes,Y,N,Y,MISSING
managed-fpt-kubernetes-engine,huong-dan-chi-tiet-su-dung-auto-upgrade,N,Y,N,MISSING
managed-fpt-kubernetes-engine,khoi-tạo-kubernetes-cluster-moi,Y,Y,N,MISSING
managed-fpt-kubernetes-engine,lay-thong-tin-truy-cap-cluster,Y,Y,N,MISSING
managed-fpt-kubernetes-engine,list-created-cluster,Y,N,N,MISSING
managed-fpt-kubernetes-engine,load-balancer-services,Y,N,Y,MISSING
managed-fpt-kubernetes-engine,managed-fpt-kubernetes-engine,N,N,Y,MISSING
managed-fpt-kubernetes-engine,managing-k8s-cluster,Y,N,N,MISSING
managed-fpt-kubernetes-engine,mfke-faqs,N,Y,N,MISSING
managed-fpt-kubernetes-engine,modify-cluster-autoscale-configuration,Y,N,Y,MISSING
managed-fpt-kubernetes-engine,nang-cap-k8s-version,Y,Y,N,MISSING
managed-fpt-kubernetes-engine,node-level-auto-scaling,Y,N,Y,MISSING
managed-fpt-kubernetes-engine,proxy-protocol-istio-ingress,N,N,Y,MISSING
managed-fpt-kubernetes-engine,proxy-protocol-nginx-ingress,N,N,Y,MISSING
managed-fpt-kubernetes-engine,quan-ly-kubernetes-cluster,N,Y,N,MISSING
managed-fpt-kubernetes-engine,release-calendar,N,N,Y,MISSING
managed-fpt-kubernetes-engine,restore-persistent-volume,N,N,Y,MISSING
managed-fpt-kubernetes-engine,restore-persistent-volume-tren-k8s,N,Y,N,MISSING
managed-fpt-kubernetes-engine,rotate-kubeconfig,N,N,Y,MISSING
managed-fpt-kubernetes-engine,runtime-security,N,N,Y,MISSING
managed-fpt-kubernetes-engine,scale-in-chi-dinh-node,N,Y,N,MISSING
managed-fpt-kubernetes-engine,scale-in-specific-node,N,N,Y,MISSING
managed-fpt-kubernetes-engine,schedule-delete-pvc-snapshot,N,N,Y,MISSING
managed-fpt-kubernetes-engine,schedule-pvc-snapshot,N,N,Y,MISSING
managed-fpt-kubernetes-engine,security-enhancement,N,N,Y,MISSING
managed-fpt-kubernetes-engine,service-type-kb-layer7-lbv2,N,Y,N,MISSING
managed-fpt-kubernetes-engine,service-type-layer7-lb,N,N,Y,MISSING
managed-fpt-kubernetes-engine,setting-up-gpu-telemetry,Y,N,Y,MISSING
managed-fpt-kubernetes-engine,setup-k8s-cluster-for-gpu-usage,Y,N,Y,MISSING
managed-fpt-kubernetes-engine,snapshot-persistent-volume,N,N,Y,MISSING
managed-fpt-kubernetes-engine,snapshot-persistent-volume-tren-k8s,N,Y,N,MISSING
managed-fpt-kubernetes-engine,snapshot-restore-pvc,N,N,Y,MISSING
managed-fpt-kubernetes-engine,tag-vms,N,N,Y,MISSING
managed-fpt-kubernetes-engine,tai-sao-nen-su-dung-gpu-tren-cloud,Y,Y,N,MISSING
managed-fpt-kubernetes-engine,tai-sao-nen-su-dung-gpu-tren-kubernetes,N,Y,N,MISSING
managed-fpt-kubernetes-engine,thay-doi-cau-hinh-flavor-cua-worker-pool,N,Y,N,MISSING
managed-fpt-kubernetes-engine,thay-doi-cau-hinh-internal-subnet-load-balancer,N,Y,N,MISSING
managed-fpt-kubernetes-engine,thay-doi-cau-hinh-k8s-cluster,N,Y,N,MISSING
managed-fpt-kubernetes-engine,thay-doi-cluster-endponit-access,N,Y,N,MISSING
managed-fpt-kubernetes-engine,them-worker-group,Y,Y,N,MISSING
managed-fpt-kubernetes-engine,thuc-hien-dat-lich-snapshot-pvc,N,Y,N,MISSING
managed-fpt-kubernetes-engine,thuc-hien-dat-lich-xoa-pvc-snapshot,N,Y,N,MISSING
managed-fpt-kubernetes-engine,tinh-nang-benchmark-cluster,N,Y,N,MISSING
managed-fpt-kubernetes-engine,tinh-nang-dat-lich-hibernate-wake-up,N,Y,N,MISSING
managed-fpt-kubernetes-engine,tinh-nang-hibernate-wakeup,Y,Y,N,MISSING
managed-fpt-kubernetes-engine,tinh-nang-rotate-kubeconfig,N,Y,N,MISSING
managed-fpt-kubernetes-engine,tinh-nang-runtime-security-cluster,Y,Y,N,MISSING
managed-fpt-kubernetes-engine,tinh-nang-tang-cuong-bao-mat-mfke,N,Y,N,MISSING
managed-fpt-kubernetes-engine,tinh-nang-workload-scan,Y,Y,N,MISSING
managed-fpt-kubernetes-engine,trien-khai-ung-dung-tren-worker-pool,N,Y,N,MISSING
managed-fpt-kubernetes-engine,truy-cap-thong-tin-chi-tiet-cua-cluster,N,Y,N,MISSING
managed-fpt-kubernetes-engine,tu-dong-nang-cap-version,N,Y,N,MISSING
managed-fpt-kubernetes-engine,version-management-overview,N,N,Y,MISSING
managed-fpt-kubernetes-engine,why-use-gpu-on-cloud,N,N,Y,MISSING
managed-fpt-kubernetes-engine,why-use-gpu-on-k8s,N,N,Y,MISSING
managed-fpt-kubernetes-engine,workload-scan,N,N,Y,MISSING
managed-fpt-kubernetes-engine,xem-danh-sach-kubernetes-cluster-da-tao,N,Y,N,MISSING
managed-gpu-cluster-kubernetes-ja,Managed-GPU ク-ラ-ス-タ-ー-の-管-理,Y,Y,N,MISSING
managed-gpu-cluster-kubernetes-ja,index,Y,Y,N,MISSING
managed-gpu-cluster-kubernetes-ja,managed-gpu-cluster-kubernetes-ja,N,N,Y,MISSING
managed-gpu-cluster-kubernetes-ja,ワーカーグループのベース切り替え機能,Y,Y,N,MISSING
metal-cloud-ja,index,Y,Y,N,MISSING
model-fine-tuning,cancel-pipeline,Y,Y,N,MISSING
model-fine-tuning,concept,N,N,Y,MISSING
model-fine-tuning,edit-pipeline,Y,Y,N,MISSING
model-fine-tuning,execution-history,Y,Y,N,MISSING
model-fine-tuning,faqs,N,N,Y,MISSING
model-fine-tuning,how-to-manage-pipeline,Y,Y,N,MISSING
model-fine-tuning,index,Y,Y,N,MISSING
model-hub,Edit-version,Y,N,Y,MISSING
model-hub,chi-tiet-model,Y,Y,N,MISSING
model-hub,chi-tiet-model-catalog,Y,Y,N,MISSING
model-hub,clone-model,Y,Y,N,MISSING
model-hub,create-a-model,Y,N,Y,MISSING
model-hub,create-version,Y,N,Y,MISSING
model-hub,dang-nhap,Y,Y,N,MISSING
model-hub,danh-sach-model-catalog,N,Y,N,MISSING
model-hub,delete-a-model,Y,N,Y,MISSING
model-hub,download-file,N,Y,N,MISSING
model-hub,download-files,Y,N,Y,MISSING
model-hub,edit-a-model,Y,N,Y,MISSING
model-hub,how-does-it-work,Y,N,Y,MISSING
model-hub,how-to-create-model-version,Y,N,Y,MISSING
model-hub,how-to-share-a-model,Y,N,Y,MISSING
model-hub,how-to-upload-download-files-by-sdk,Y,N,Y,MISSING
model-hub,how-to-use-model-catalog,Y,N,Y,MISSING
model-hub,how-to-use-model-from-other-sources-like-hugging-face,Y,N,Y,MISSING
model-hub,how-to-use-private-model,Y,N,Y,MISSING
model-hub,index,Y,Y,N,MISSING
model-hub,model-catalog,N,Y,N,MISSING
model-hub,model-deployment,N,Y,N,MISSING
model-hub,notice,Y,N,Y,MISSING
model-hub,overview,Y,N,Y,MISSING
model-hub,quick-start,Y,N,Y,MISSING
model-hub,share-detail-invited,N,Y,N,MISSING
model-hub,share-detail-joined,N,Y,N,MISSING
model-hub,sign-up-for-an-account,Y,N,Y,MISSING
model-hub,start-using-services,Y,N,Y,MISSING
model-hub,sua-model,Y,Y,N,MISSING
model-hub,tao-model,Y,Y,N,MISSING
model-hub,top-up-balance,Y,N,Y,MISSING
model-hub,update-share,Y,Y,N,MISSING
model-hub,update-version,Y,Y,N,MISSING
model-hub,upload-file,Y,Y,N,MISSING
model-hub,upload-files,Y,N,Y,MISSING
model-hub,view-list-model-2,Y,N,Y,MISSING
model-hub,view-model-details,Y,N,Y,MISSING
model-hub,view-update-organization,Y,Y,N,MISSING
model-hub,what-is-model-hub,Y,N,Y,MISSING
model-hub,why-model-hub,Y,N,Y,MISSING
model-hub,xoa-model,Y,Y,N,MISSING
model-testing-interactive-sessions,index,Y,Y,N,MISSING
model-testing-interactive-sessions,overview,N,Y,N,MISSING
model-testing-interactive-sessions,quick-start,N,Y,N,MISSING
model-testing-interactive-sessions,what-is-model-testing-interactive-sessions,N,N,Y,MISSING
nat_instance,index,Y,Y,N,MISSING
notification-bell,index,Y,Y,N,MISSING
policy-management,apply-policy,Y,Y,N,MISSING
policy-management,create-overview-policy,Y,Y,N,MISSING
policy-management,create-policy,Y,Y,N,MISSING
policy-management,delete-policy,Y,Y,N,MISSING
policy-management,disable-policy,Y,Y,N,MISSING
policy-management,edit-policy,Y,Y,N,MISSING
policy-management,enable-policy,Y,Y,N,MISSING
policy-management,initial-setup,Y,Y,N,MISSING
policy-management,ポリシーを有効にする_07,N,N,Y,MISSING
policy-management,ポリシーを無効にする_06,N,N,Y,MISSING
policy-management,ポリシー削除_05,N,N,Y,MISSING
policy-management,ポリシー管理の作成_03,N,N,Y,MISSING
policy-management,ポリシー管理の迅速な作成-01,N,N,Y,MISSING
policy-management,ポリシー管理の適用_02,N,N,Y,MISSING
policy-management,ポリシー編集_04,N,N,Y,MISSING
policy-management,初期設定,N,N,Y,MISSING
relation-management,datasource-relation-management,N,N,Y,MISSING
relation-management,index,Y,Y,N,MISSING
reporting,index,Y,Y,N,MISSING
sso-single-sign-on,index,Y,Y,N,MISSING
tagging,Delete Tag,Y,N,N,MISSING
tagging,Edit tags,Y,N,N,MISSING
tagging,Initializing tags ,Y,N,N,MISSING
tagging,Manage tag for Security group,Y,N,N,MISSING
tagging,Manage tag to Custom image,Y,N,N,MISSING
tagging,Manage tag to Instance Management,Y,N,N,MISSING
tagging,Manage tag to Resource,Y,N,N,MISSING
tagging,Manage tag to Snapshot,Y,N,N,MISSING
tagging,Manage tag to Storage disk,Y,N,N,MISSING
tagging,Manage tag to Subnet,Y,N,N,MISSING
tagging,Managing Tags for Floating IP,Y,N,N,MISSING
tagging,Tagging Billing,Y,N,N,MISSING
tagging,create-tag-new,N,Y,N,MISSING
tagging,delete-tag,N,Y,N,MISSING
tagging,edit-tag,N,Y,N,MISSING
tagging,initial-setup,Y,Y,N,MISSING
tagging,resource-1,N,Y,N,MISSING
tagging,tagg-lb,Y,Y,N,MISSING
tagging,tagging-billing,N,Y,N,MISSING
tagging,tags-custom-image,N,Y,N,MISSING
tagging,tags-floating-ip,N,Y,N,MISSING
tagging,tags-instance,N,Y,N,MISSING
tagging,tags-security-group,N,Y,N,MISSING
tagging,tags-snapshot,N,Y,N,MISSING
tagging,tags-storage-disk,N,Y,N,MISSING
tagging,tags-subnet,N,Y,N,MISSING
tagging,インスタンス管理 _1,N,N,Y,MISSING
tagging,カスタム画像_4,N,N,Y,MISSING
tagging,サブネット_6,N,N,Y,MISSING
tagging,ストレージディスク_2,N,N,Y,MISSING
tagging,スナップショット_3,N,N,Y,MISSING
tagging,セキュリティグループ_7,N,N,Y,MISSING
tagging,タグの編集,N,N,Y,MISSING
tagging,タグリソースの管理,N,N,Y,MISSING
tagging,タグ作成,N,N,Y,MISSING
tagging,フローティングIP _5,N,N,Y,MISSING
tagging,ロードバランサー,N,N,Y,MISSING
tagging,作成したタグの削除,N,N,Y,MISSING
tagging,初期設定,N,N,Y,MISSING
tagging,請求のタグ付け,N,N,Y,MISSING
terraform,index,Y,Y,N,MISSING
terraform,terraform,N,N,Y,MISSING
trellix-customer-guide,Access the administration interface,Y,N,N,MISSING
trellix-customer-guide,Viewing Logs,Y,N,N,MISSING
trellix-customer-guide,client-task,N,Y,Y,MISSING
trellix-customer-guide,client-task-mapping,Y,N,N,MISSING
trellix-customer-guide,report,N,Y,Y,MISSING
trellix-customer-guide,report-guide,Y,N,N,MISSING
trellix-customer-guide,setting-agert,N,Y,Y,MISSING
trellix-customer-guide,truy-cap-giao-dien-quan-tri,N,Y,Y,MISSING
trellix-customer-guide,view-log,N,Y,Y,MISSING
user-token,create-token,Y,Y,N,MISSING
user-token,how-to-create-an-user-token,Y,N,Y,MISSING
user-token,quick-start,Y,N,Y,MISSING
user-token,revoke-token,Y,Y,N,MISSING
vpn-site-to-site,Authenticate-Certificate mode-1,Y,N,N,MISSING
vpn-site-to-site,Create-VPN-S2S-connection,N,Y,N,MISSING
vpn-site-to-site,VPN-Activity,Y,N,N,MISSING
vpn-site-to-site,VPN-S2S-check-activity-logs,N,Y,N,MISSING
vpn-site-to-site,VPN-Site-to-Site-Configuration-between-FCI-and-AWS-(Virtual-private-gateways)-guide,Y,N,N,MISSING
vpn-site-to-site,VPN-Site-to-Site-Configuration-between-FCI-and-AWS-(transit-gateway)-guide,Y,N,N,MISSING
vpn-site-to-site,VPN-Site-to-Site-Configuration-with-Fortigate-guide,Y,N,N,MISSING
vpn-site-to-site,VPN-Site-to-Site-Configuration-with-Palo-Alto-guide,Y,N,N,MISSING
vpn-site-to-site,VPNアクティビティの確認,N,N,Y,MISSING
vpn-site-to-site,VPN情報の確認,N,N,Y,MISSING
vpn-site-to-site,authenticate-certificate-mode,N,Y,N,MISSING
vpn-site-to-site,common-vpn-device-configuration,Y,N,N,MISSING
vpn-site-to-site,connect-behind-NAT,Y,Y,N,MISSING
vpn-site-to-site,connect-checkpoint-r8120,Y,Y,N,MISSING
vpn-site-to-site,connect-fci-aws-transitgw,Y,Y,N,MISSING
vpn-site-to-site,connect-fci-aws-virtualgw,Y,Y,N,MISSING
vpn-site-to-site,connect-fci-fortigate,N,Y,N,MISSING
vpn-site-to-site,connect-fci-vmware,Y,Y,N,MISSING
vpn-site-to-site,connect-palo-alto,N,Y,N,MISSING
vpn-site-to-site,connect-pfsense,Y,Y,N,MISSING
vpn-site-to-site,connect-strongswan,Y,Y,N,MISSING
vpn-site-to-site,connect-vyos-1.5,Y,Y,N,MISSING
vpn-site-to-site,create-customer-gateway,Y,N,N,MISSING
vpn-site-to-site,create-customergw,N,Y,N,MISSING
vpn-site-to-site,create-vpn,Y,N,Y,MISSING
vpn-site-to-site,create-vpn-connection,Y,Y,N,MISSING
vpn-site-to-site,delete-VPN-S2S-connection,N,Y,N,MISSING
vpn-site-to-site,delete-customer-gateway,Y,N,N,MISSING
vpn-site-to-site,delete-customergw,N,Y,N,MISSING
vpn-site-to-site,delete-vpn,Y,N,N,MISSING
vpn-site-to-site,delete-vpn-connection,Y,N,N,MISSING
vpn-site-to-site,disable-VPN-S2S-connection,N,Y,N,MISSING
vpn-site-to-site,disable-VPN-Site-to-Site,Y,N,Y,MISSING
vpn-site-to-site,download-config-,Y,N,N,MISSING
vpn-site-to-site,download-config-VPN-S2S,N,Y,N,MISSING
vpn-site-to-site,edit-VPN-S2S-information,N,Y,N,MISSING
vpn-site-to-site,edit-customer-gateway,Y,N,N,MISSING
vpn-site-to-site,edit-customergw,N,Y,N,MISSING
vpn-site-to-site,edit-security-profile,Y,Y,N,MISSING
vpn-site-to-site,edit-vpn,Y,N,N,MISSING
vpn-site-to-site,edit-vpn-connection,Y,Y,N,MISSING
vpn-site-to-site,enable-VPN-S2S-connection,N,Y,N,MISSING
vpn-site-to-site,enable-disable-vpn-connection,Y,Y,N,MISSING
vpn-site-to-site,enable-vpn-s2S,Y,N,Y,MISSING
vpn-site-to-site,index,Y,Y,N,MISSING
vpn-site-to-site,ket-noi-thiet-bi-behind-NAT-IP,Y,Y,N,MISSING
vpn-site-to-site,logging,N,Y,N,MISSING
vpn-site-to-site,monitoring,N,Y,N,MISSING
vpn-site-to-site,monitoring-service-through-logging-feature-guide,Y,N,N,MISSING
vpn-site-to-site,monitoring-service-through-monitoring-feature-guide,Y,N,Y,MISSING
vpn-site-to-site,overviews-vpn,Y,Y,N,MISSING
vpn-site-to-site,permission-access-guide,Y,N,N,MISSING
vpn-site-to-site,service-authorization,N,Y,N,MISSING
vpn-site-to-site,set_alert,N,Y,N,MISSING
vpn-site-to-site,setting-up-alerts-via-the-cloud-guard-service-guide,Y,N,N,MISSING
vpn-site-to-site,tai-file-cau-hinh-vpn,N,Y,N,MISSING
vpn-site-to-site,view-VPN-detail-information,N,Y,N,MISSING
vpn-site-to-site,view-vpn-,Y,N,Y,MISSING
vpn-site-to-site,vpn-connection-management,Y,N,N,MISSING
vpn-site-to-site,xoa-vpn-connection,N,Y,N,MISSING
vpn-site-to-site,サイト間VPNの作成 -1,N,N,Y,MISSING
vpn-site-to-site,サイト間VPNの情報編集 -3,N,N,Y,MISSING
vpn-site-to-site,サイト間VPNの構成情報をダウンロード,N,N,Y,MISSING
vpn-site-to-site,サイト間VPNの無効化 -1,N,N,Y,MISSING
vpn-site-to-site,サイト間VPNを有効にする-2,N,N,Y,MISSING
vpn-site-to-site,サイト間の削除-5,N,N,Y,MISSING
vpn-site-to-site,認証証明書モード,N,N,Y,MISSING
zalo-ticket-support,index,Y,Y,N,MISSING
zalo-ticket-support,zalo-ticket-support,N,N,Y,MISSING