type,lang,file,title,detail
BAD_CASE,en,"ai-factory-billing/modas-billing.md","MoDaS billing","Mixed/broken casing in title"
BAD_CASE,en,"ai_marketplace/deployment-lora-inference.md","Deploy LoRA inference","Mixed/broken casing in title"
BAD_CASE,en,"ai_marketplace/fine-tune-with-lora.md","Fine-tune with LoRA","Mixed/broken casing in title"
BAD_CASE,en,"cloud-server/terraform.md","IaC (Terraform)","Mixed/broken casing in title"
BAD_CASE,en,"ddos-protection/create-ddos.md","Create DDoS Protection","Mixed/broken casing in title"
BAD_CASE,en,"ddos-protection/index.md","DDoS Protection","Mixed/broken casing in title"
BAD_CASE,en,"fpt-data-platform/cdc-service/mysql-sink-connector.md","MySQL Sink Connector","Mixed/broken casing in title"
BAD_CASE,en,"fpt-data-platform/cdc-service/mysql-source-connector.md","MySQL Source Connector","Mixed/broken casing in title"
LABEL_MISMATCH,en,"trellix-customer-guide/setting-agert.md","Set Up Agent Installation Package","sidebar: 'Setting Agert' vs title: 'Set Up Agent Installation Package'"
BAD_CASE,en,"vpn-site-to-site/connect-pfsense.md","Connect PfSense","Mixed/broken casing in title"
BAD_CASE,en,"vpn-site-to-site/connect-vyos-1.5.md","Connect VyOS 1.5","Mixed/broken casing in title"
BAD_CASE,vi,"ai-factory-billing/modas-billing.md","Billing MoDaS","Mixed/broken casing in title"
BAD_CASE,vi,"ai_marketplace/deployment-lora-inference.md","Triển khai LoRA inference","Mixed/broken casing in title"
BAD_CASE,vi,"ai_marketplace/fine-tune-with-lora.md","Fine-tune với LoRA","Mixed/broken casing in title"
BAD_CASE,vi,"cloud-server/terraform.md","IaC (Terraform)","Mixed/broken casing in title"
BAD_CASE,vi,"ddos-protection/create-ddos.md","Khởi tạo DDoS Protection","Mixed/broken casing in title"
BAD_CASE,vi,"ddos-protection/index.md","Bảo vệ DDoS","Mixed/broken casing in title"
BAD_CASE,vi,"fpt-data-platform/cdc-service/mysql-sink-connector.md","MySQL Sink Connector","Mixed/broken casing in title"
BAD_CASE,vi,"fpt-data-platform/cdc-service/mysql-source-connector.md","MySQL Source Connector","Mixed/broken casing in title"
BAD_CASE,vi,"iac-old/index.md","IaC (Infrastructure as Code)","Mixed/broken casing in title"
BAD_CASE,vi,"vpn-site-to-site/connect-pfsense.md","Cấu hình VPN Site-to-Site với PfSense","Mixed/broken casing in title"
ALL_CAPS,ja,"ai-factory-billing/add-credits.md","クレジットの追加","Title is ALL CAPS"
ALL_CAPS,ja,"ai-factory-billing/credit-history.md","クレジット履歴","Title is ALL CAPS"
ALL_CAPS,ja,"ai-factory-billing/how-to-create-an-user-token.md","ユーザートークンの作成方法","Title is ALL CAPS"
ALL_CAPS,ja,"ai-factory-billing/low-balance-threshold-alert.md","低残高しきい値アラート","Title is ALL CAPS"
BAD_CASE,ja,"ai-factory-billing/modas-billing.md","MoDaS 課金","Mixed/broken casing in title"
ALL_CAPS,ja,"ai-factory-billing/payment-invoice.md","支払い請求書","Title is ALL CAPS"
ALL_CAPS,ja,"ai-factory-billing/quick-start.md","クイックスタート","Title is ALL CAPS"
ALL_CAPS,ja,"ai-factory-billing/redeem-voucher.md","バウチャーの引き換え","Title is ALL CAPS"
ALL_CAPS,ja,"ai-factory-billing/voucher-list.md","バウチャー一覧","Title is ALL CAPS"
ALL_CAPS,ja,"ai-notebook/faq-jp.md","よくある質問","Title is ALL CAPS"
ALL_CAPS,ja,"ai-notebook/faq.md","よくある質問","Title is ALL CAPS"
ALL_CAPS,ja,"ai-notebook/quick-start-jp.md","クイックスタート","Title is ALL CAPS"
ALL_CAPS,ja,"ai-notebook/quick-start.md","クイックスタート","Title is ALL CAPS"
ALL_CAPS,ja,"ai_marketplace/api-integration.md","API 連携","Title is ALL CAPS"
BAD_CASE,ja,"ai_marketplace/deployment-lora-inference.md","LoRA 推論のデプロイ","Mixed/broken casing in title"
BAD_CASE,ja,"ai_marketplace/fine-tune-with-lora.md","LoRA でファインチューニング","Mixed/broken casing in title"
ALL_CAPS,ja,"ai_marketplace/how-to-create-an-api-key.md","API キーの作成","Title is ALL CAPS"
ALL_CAPS,ja,"ai_marketplace/quick-start.md","クイックスタート","Title is ALL CAPS"
ALL_CAPS,ja,"ai_marketplace/お問い合わせ.md","お問い合わせ","Title is ALL CAPS"
ALL_CAPS,ja,"ai_marketplace/ホームページ.md","ホームページ","Title is ALL CAPS"
ALL_CAPS,ja,"ai_marketplace/マイアカウント.md","マイアカウント","Title is ALL CAPS"
ALL_CAPS,ja,"allow-address-pair/initial-setup.md","初期セットアップ","Title is ALL CAPS"
ALL_CAPS,ja,"backup/backup-report.md","バックアップレポート","Title is ALL CAPS"
ALL_CAPS,ja,"backup/clone-vm-tu-cac-restore-point.md","リストアポイントから新しいVMを作成する","Title is ALL CAPS"
ALL_CAPS,ja,"backup/incremental-backup-la-gi-va-loi-ich-khi-su-dung.md","増分バックアップとは何か、そのメリットは？","Title is ALL CAPS"
ALL_CAPS,ja,"backup/index.md","バックアップ","Title is ALL CAPS"
ALL_CAPS,ja,"backup/kiem-tra-thong-tin-backup-va-restore-cua-vm.md","VMのバックアップとリストア情報を確認する","Title is ALL CAPS"
ALL_CAPS,ja,"backup/quan-ly-backup-job.md","バックアップジョブの管理","Title is ALL CAPS"
ALL_CAPS,ja,"backup/restore-lai-vm-tu-cac-restore-point.md","リストアポイントからVMを復元する","Title is ALL CAPS"
ALL_CAPS,ja,"backup/xem-lich-su-backup-and-recovery.md","バックアップ＆リカバリー履歴を表示する","Title is ALL CAPS"
ALL_CAPS,ja,"billing/download-bills.md","詳細照合ファイルをダウンロードする","Title is ALL CAPS"
ALL_CAPS,ja,"billing/fqas-2.md","現在の請求期間のデータは最後にいつ更新されましたか？","Title is ALL CAPS"
ALL_CAPS,ja,"billing/fqas-3.md","同じ請求期間に複数の照合エントリがあるのはなぜですか？","Title is ALL CAPS"
ALL_CAPS,ja,"billing/question-1.md","請求書が表示されないのはなぜですか？","Title is ALL CAPS"
ALL_CAPS,ja,"billing/view-bill-charges-by-resource.md","リソース別の請求明細を確認する","Title is ALL CAPS"
ALL_CAPS,ja,"billing/view-bill-charges-by-service.md","サービス別の請求明細を確認する","Title is ALL CAPS"
ALL_CAPS,ja,"billing/view-bills.md","請求期間別の請求照合を確認する","Title is ALL CAPS"
ALL_CAPS,ja,"budget-alert/コスト情報とアラート履歴の確認_2.md","コスト情報とアラート履歴の確認","Title is ALL CAPS"
ALL_CAPS,ja,"budget-alert/予算しきい値に達した後の新規コンピューティング／ネットワークリソースの作成制限_6.md","予算しきい値到達時の新規リソース作成制限","Title is ALL CAPS"
ALL_CAPS,ja,"budget-alert/予算アラートの作成_1.md","予算アラートの作成","Title is ALL CAPS"
ALL_CAPS,ja,"budget-alert/予算アラートの削除_5.md","予算アラートの削除","Title is ALL CAPS"
ALL_CAPS,ja,"budget-alert/予算アラートの無効化_3.md","予算アラートの一時停止","Title is ALL CAPS"
ALL_CAPS,ja,"budget-alert/予算アラートの編集_4.md","予算アラートの編集","Title is ALL CAPS"
ALL_CAPS,ja,"change-network-config/index.md","ネットワーク設定の変更","Title is ALL CAPS"
ALL_CAPS,ja,"checkpoint-fpt-ngfw/cau-hinh-dns.md","DNSの設定","Title is ALL CAPS"
ALL_CAPS,ja,"checkpoint-fpt-ngfw/quan-ly-account.md","アカウントの管理","Title is ALL CAPS"
ALL_CAPS,ja,"checkpoint-fpt-ngfw/tao-object.md","オブジェクトの作成","Title is ALL CAPS"
ALL_CAPS,ja,"checkpoint-fpt-ngfw/tao-rule-firewall.md","ファイアウォールルールの作成","Title is ALL CAPS"
ALL_CAPS,ja,"checkpoint-fpt-ngfw/tao-rule-nat.md","NATルールの作成","Title is ALL CAPS"
ALL_CAPS,ja,"checkpoint-fpt-ngfw/update-hotfix.md","ホットフィックスの適用","Title is ALL CAPS"
ALL_CAPS,ja,"cloud-advisor/cloud-advisor-cost-optimization.md","コスト最適化の問題","Title is ALL CAPS"
ALL_CAPS,ja,"cloud-advisor/cloud-advisor-dashboard.md","ダッシュボード概要","Title is ALL CAPS"
ALL_CAPS,ja,"cloud-advisor/cloud-advisor-fault-tolerance.md","フォールトトレランスの問題","Title is ALL CAPS"
ALL_CAPS,ja,"cloud-advisor/cloud-advisor-security.md","セキュリティの問題","Title is ALL CAPS"
ALL_CAPS,ja,"cloud-guard/Recipient-la-gi.md","受信者とは？","Title is ALL CAPS"
ALL_CAPS,ja,"cloud-guard/bat-tat-alert.md","アラートを有効化・無効化する","Title is ALL CAPS"
ALL_CAPS,ja,"cloud-guard/chinh-sua-alert.md","アラートを編集する","Title is ALL CAPS"
ALL_CAPS,ja,"cloud-guard/chinh-sua-recipient.md","受信者を編集する","Title is ALL CAPS"
ALL_CAPS,ja,"cloud-guard/kiem-tra-trang-thai-cua-alert.md","アラートのステータスを確認する","Title is ALL CAPS"
ALL_CAPS,ja,"cloud-guard/tao-moi-recipient.md","受信者を作成する","Title is ALL CAPS"
ALL_CAPS,ja,"cloud-guard/xoa-alert.md","アラートを削除する","Title is ALL CAPS"
ALL_CAPS,ja,"cloud-guard/xoa-recipient.md","受信者を削除する","Title is ALL CAPS"
ALL_CAPS,ja,"cloud-server/NIC-overview-1.md","NIC（ネットワークインターフェースカード）の管理","Title is ALL CAPS"
ALL_CAPS,ja,"cloud-server/attach-a-network-card-to-the-virtual-machine.md","仮想マシンへのNIC（ネットワークカード）の追加","Title is ALL CAPS"
ALL_CAPS,ja,"cloud-server/change-address-MAC.md","MACアドレスを変更する","Title is ALL CAPS"
ALL_CAPS,ja,"cloud-server/clone-instance.md","仮想マシンのクローン","Title is ALL CAPS"
ALL_CAPS,ja,"cloud-server/create-vm-iso.md","ISOファイルからのVM作成時の注意事項","Title is ALL CAPS"
ALL_CAPS,ja,"cloud-server/header-project.md","ヘッダーインターフェースの変更","Title is ALL CAPS"
ALL_CAPS,ja,"cloud-server/hpc-change-package.md","マシン設定の変更","Title is ALL CAPS"
ALL_CAPS,ja,"cloud-server/hpc-fixed-rental.md","固定レンタル期間の設定","Title is ALL CAPS"
ALL_CAPS,ja,"cloud-server/hpc-hardware-fixation.md","ハードウェア固定","Title is ALL CAPS"
ALL_CAPS,ja,"cloud-server/hpc-level-2-password.md","第2レベルパスワードの設定","Title is ALL CAPS"
ALL_CAPS,ja,"cloud-server/hpc-rest-machine.md","マシンのリセット","Title is ALL CAPS"
ALL_CAPS,ja,"cloud-server/hpc-schedule-shutdown.md","シャットダウンスケジュール","Title is ALL CAPS"
ALL_CAPS,ja,"cloud-server/instance-schedule.md","インスタンスの自動起動・停止スケジュール","Title is ALL CAPS"
ALL_CAPS,ja,"cloud-server/lock-unlock-instance-deletion.md","仮想マシンの削除ロックとロック解除","Title is ALL CAPS"
ALL_CAPS,ja,"cloud-server/network-all.md","ネットワーキング概要","Title is ALL CAPS"
ALL_CAPS,ja,"cloud-server/networking-overview.md","ネットワーキング詳細","Title is ALL CAPS"
ALL_CAPS,ja,"cloud-server/new-quota.md","PAYGによるサービスの利用","Title is ALL CAPS"
DOCID_TITLE,ja,"cloud-server/overview-affinity.md","AffinityとAnti-Affinityの概要","Title looks like docId (not human readable)"
ALL_CAPS,ja,"cloud-server/quan-ly-may-ao.md","仮想マシンの管理","Title is ALL CAPS"
ALL_CAPS,ja,"cloud-server/quick-starts-khoi-dong-lai-may-ao.md","仮想マシンの再起動","Title is ALL CAPS"
ALL_CAPS,ja,"cloud-server/quick-starts-tao-mot-may-ao.md","仮想マシンの作成","Title is ALL CAPS"
ALL_CAPS,ja,"cloud-server/quick-starts-tatbat-may-ao.md","仮想マシンの起動/停止","Title is ALL CAPS"
ALL_CAPS,ja,"cloud-server/quick-starts-xoa-may-ao.md","仮想マシンの削除","Title is ALL CAPS"
ALL_CAPS,ja,"cloud-server/remove-the-network-card-from-the-virtual-machine.md","仮想マシンからのNIC（ネットワークカード）の削除","Title is ALL CAPS"
BAD_CASE,ja,"cloud-server/terraform.md","IaC (Terraform)","Mixed/broken casing in title"
ALL_CAPS,ja,"cloud-server/tutorials-khoi-tao-mot-may-ao-moi.md","新しい仮想マシンの作成","Title is ALL CAPS"
ALL_CAPS,ja,"cloud-server/tutorials-thay-doi-thong-tin-cau-hinh-may-chu.md","仮想マシン構成の変更","Title is ALL CAPS"
ALL_CAPS,ja,"cloud-server/tutorials-tra-cuu-thong-tin-thong-so-ky-thuat-cua-may-ao-da-tao.md","仮想マシン情報の確認","Title is ALL CAPS"
ALL_CAPS,ja,"cost-explorer/サービス別のダッシュボード＆コストの確認_1.md","サービス別のコストを確認","Title is ALL CAPS"
ALL_CAPS,ja,"cost-explorer/フィルタをカスタマイズして期間／リソース グループ別のコストを確認_2.md","リソースタイプ別のコストを確認","Title is ALL CAPS"
ALL_CAPS,ja,"cost-explorer/質問-2.md","特定リソースでコストエクスプローラーをフィルタリング","Title is ALL CAPS"
ALL_CAPS,ja,"create-vpc/VPC の作成_1.md","VPCを作成する","Title is ALL CAPS"
ALL_CAPS,ja,"create-vpc/create-vpc-en.md","VPCの作成","Title is ALL CAPS"
ALL_CAPS,ja,"create-vpc/アクティビティログの表示_2.md","VPCの名前変更","Title is ALL CAPS"
ALL_CAPS,ja,"data-hub/generate-dataset.md","データセットの生成","Title is ALL CAPS"
BAD_CASE,ja,"ddos-protection/create-ddos.md","DDoS保護の作成","Mixed/broken casing in title"
BAD_CASE,ja,"ddos-protection/index.md","DDoS保護","Mixed/broken casing in title"
ALL_CAPS,ja,"ddos-protection/monitor-ip.md","保護中のIPの監視","Title is ALL CAPS"
ALL_CAPS,ja,"dedicated-fpt-kubernetes-engine/access-clusters-detail-information.md","クラスターの詳細情報へのアクセス","Title is ALL CAPS"
ALL_CAPS,ja,"dedicated-fpt-kubernetes-engine/cac-luu-y-khi-su-dung-fke.md","DFKEご利用時の注意事項","Title is ALL CAPS"
ALL_CAPS,ja,"dedicated-fpt-kubernetes-engine/dfke-faqs.md","よくある質問（FAQ）","Title is ALL CAPS"
ALL_CAPS,ja,"dedicated-fpt-kubernetes-engine/faqs.md","よくある質問","Title is ALL CAPS"
ALL_CAPS,ja,"dedicated-fpt-kubernetes-engine/fke-usage-notes.md","FKE 使用上の注意事項","Title is ALL CAPS"
ALL_CAPS,ja,"dedicated-fpt-kubernetes-engine/notes-when-using-dfke.md","FKE 使用時の注意事項","Title is ALL CAPS"
ALL_CAPS,ja,"dedicated-fpt-kubernetes-engine/retry-timeout-rule.md","リトライタイムアウトルール","Title is ALL CAPS"
ALL_CAPS,ja,"end-user-request-resource/create-request-resource.md","リソースリクエストの作成","Title is ALL CAPS"
ALL_CAPS,ja,"end-user-request-resource/fqas-1.md","同時に複数のリクエストを作成できますか？","Title is ALL CAPS"
ALL_CAPS,ja,"end-user-request-resource/fqas-2.md","FCIが私のリクエストを受信したことをどうやって確認できますか？","Title is ALL CAPS"
ALL_CAPS,ja,"end-user-request-resource/fqas-3.md","サービスのリクエスト時にVPCを選択または新規作成できますか？","Title is ALL CAPS"
ALL_CAPS,ja,"end-user-request-resource/view-request-resource.md","提出済みリクエストの確認","Title is ALL CAPS"
ALL_CAPS,ja,"file-storage-high-performance/initial-setup.md","初期セットアップ","Title is ALL CAPS"
ALL_CAPS,ja,"file-storage-high-performance/region-nhat-ban.md","日本リージョン","Title is ALL CAPS"
ALL_CAPS,ja,"file-storage-high-performance/region-viet-nam.md","ベトナムリージョン","Title is ALL CAPS"
ALL_CAPS,ja,"fortigate-fpt-ngfw/FAQ.md","よくある質問","Title is ALL CAPS"
ALL_CAPS,ja,"fortigate-fpt-ngfw/truy-cap-giao-dien-quan-tri.md","管理インターフェースへのアクセス","Title is ALL CAPS"
ALL_CAPS,ja,"fpt-api-management/quick-starts.md","クイックスタート","Title is ALL CAPS"
ALL_CAPS,ja,"fpt-app-catalogs/change-applications-configuration.md","アプリケーション設定を変更する","Title is ALL CAPS"
ALL_CAPS,ja,"fpt-app-catalogs/filter-deployed-appplications-by-cluster.md","クラスター別にデプロイ済みアプリをフィルタリングする","Title is ALL CAPS"
ALL_CAPS,ja,"fpt-app-catalogs/initial-setup.md","初期セットアップ","Title is ALL CAPS"
ALL_CAPS,ja,"fpt-app-catalogs/manage-deployed-applications.md","デプロイ済みアプリケーションの管理","Title is ALL CAPS"
ALL_CAPS,ja,"fpt-app-catalogs/rollback-an-application-to-the-old-configuration.md","アプリケーションを旧設定にロールバックする","Title is ALL CAPS"
ALL_CAPS,ja,"fpt-app-catalogs/uninstall-applications.md","アプリケーションをアンインストールする","Title is ALL CAPS"
ALL_CAPS,ja,"fpt-app-catalogs/upgrade-applications-to-the-latest-version.md","アプリケーションを最新バージョンにアップグレードする","Title is ALL CAPS"
ALL_CAPS,ja,"fpt-app-catalogs/view-deployed-applications-details.md","デプロイ済みアプリケーションの詳細を表示する","Title is ALL CAPS"
ALL_CAPS,ja,"fpt-appsec/chinh-sua-thong-tin-org.md","組織情報の編集","Title is ALL CAPS"
ALL_CAPS,ja,"fpt-appsec/create-schedule.md","スケジュール作成ガイド","Title is ALL CAPS"
ALL_CAPS,ja,"fpt-appsec/detail-dasboard.md","ダッシュボード","Title is ALL CAPS"
ALL_CAPS,ja,"fpt-appsec/quan-ly-mem-team.md","メンバー管理（チーム）","Title is ALL CAPS"
ALL_CAPS,ja,"fpt-appsec/quan-ly-member.md","メンバー管理","Title is ALL CAPS"
ALL_CAPS,ja,"fpt-appsec/schedule-delete.md","スケジュール削除ガイド","Title is ALL CAPS"
ALL_CAPS,ja,"fpt-appsec/schedule-detail.md","スケジュール一覧と詳細の表示ガイド","Title is ALL CAPS"
ALL_CAPS,ja,"fpt-appsec/schedule-edit.md","スケジュール編集ガイド","Title is ALL CAPS"
ALL_CAPS,ja,"fpt-argocd/cau-hinh-channel-de-thuc-hien-gui-thong-bao.md","通知送信チャンネルの設定","Title is ALL CAPS"
H1_MISMATCH,ja,"fpt-argocd/cau-hinh-image-updater.md","Image Updaterの設定","H1: 'Cau Hinh Image Updater' vs title: 'Image Updaterの設定'"
ALL_CAPS,ja,"fpt-argocd/check-service-package-info.md","サービスパッケージ情報の確認","Title is ALL CAPS"
ALL_CAPS,ja,"fpt-argocd/configure-log-level.md","ログレベルの設定","Title is ALL CAPS"
ALL_CAPS,ja,"fpt-argocd/configure-notification-channels.md","通知チャンネルの設定","Title is ALL CAPS"
ALL_CAPS,ja,"fpt-argocd/configure-oidc-sso.md","SSO用のOIDC設定","Title is ALL CAPS"
ALL_CAPS,ja,"fpt-argocd/configure-whitelist-ip.md","IPホワイトリストの設定","Title is ALL CAPS"
ALL_CAPS,ja,"fpt-argocd/delete-oidc-da-cau-hinh.md","OIDC設定の削除","Title is ALL CAPS"
ALL_CAPS,ja,"fpt-argocd/enable-disable-notifications.md","通知の有効化/無効化","Title is ALL CAPS"
ALL_CAPS,ja,"fpt-argocd/enable-disable-oidc.md","OIDC設定の有効化/無効化","Title is ALL CAPS"
ALL_CAPS,ja,"fpt-argocd/huong-dan-tich-hop-oidc-de-quan-ly-account.md","アカウント管理のためにOIDCを統合する","Title is ALL CAPS"
ALL_CAPS,ja,"fpt-argocd/update-cau-hinh-oidc.md","OIDC設定の更新","Title is ALL CAPS"
ALL_CAPS,ja,"fpt-argocd/upgrade-service-package.md","サービスパッケージのアップグレード","Title is ALL CAPS"
ALL_CAPS,ja,"fpt-autoscale/scale-thu-cong.md","手動スケール","Title is ALL CAPS"
ALL_CAPS,ja,"fpt-autoscale/scale-tu-dong-theo-lich-trinh.md","スケジュールによる自動スケール","Title is ALL CAPS"
ALL_CAPS,ja,"fpt-backup-as-a-service/Chi tiết dịch vụ.md","サービス詳細","Title is ALL CAPS"
ALL_CAPS,ja,"fpt-cloud-desktop/dang-nhap-voi-tai-khoan-SSO.md","SSOアカウントでログイン","Title is ALL CAPS"
ALL_CAPS,ja,"fpt-cloud-monitoring/alerting.md","アラート管理","Title is ALL CAPS"
ALL_CAPS,ja,"fpt-cloud-monitoring/explore-data.md","データの探索","Title is ALL CAPS"
ALL_CAPS,ja,"fpt-cloud-monitoring/fcmon-dashboard-template.md","ダッシュボードテンプレート","Title is ALL CAPS"
ALL_CAPS,ja,"fpt-cloud-monitoring/monitor-applications.md","アプリケーションを監視する","Title is ALL CAPS"
ALL_CAPS,ja,"fpt-cloud-monitoring/monitor-infrastructure-platform.md","インフラとプラットフォームを監視する","Title is ALL CAPS"
ALL_CAPS,ja,"fpt-cloud-monitoring/monitor-public-endpoints.md","パブリックエンドポイントを監視する","Title is ALL CAPS"
ALL_CAPS,ja,"fpt-cloud-monitoring/quan-ly-workspace.md","ワークスペースを管理する","Title is ALL CAPS"
ALL_CAPS,ja,"fpt-cloud-monitoring/quan-tri-user.md","ユーザー管理","Title is ALL CAPS"
ALL_CAPS,ja,"fpt-cloud-monitoring/truc-quan-hoa-du-lieu.md","データの可視化","Title is ALL CAPS"
ALL_CAPS,ja,"fpt-cloud-monitoring/truy-cap-vao-dashboard.md","ダッシュボードにアクセスする","Title is ALL CAPS"
ALL_CAPS,ja,"fpt-cloud-monitoring/xem-chi-tiet-workspace.md","ワークスペース詳細を表示する","Title is ALL CAPS"
ALL_CAPS,ja,"fpt-cloud-monitoring/xem-danh-sach-workspaces.md","ワークスペース一覧を表示する","Title is ALL CAPS"
ALL_CAPS,ja,"fpt-cloud-portal-pay-as-you-gofpt-cloud-portal-pay-as-you-go/buy-storage-disk.md","ストレージディスクの購入","Title is ALL CAPS"
ALL_CAPS,ja,"fpt-cloud-portal-pay-as-you-gofpt-cloud-portal-pay-as-you-go/buy-virtual-machines.md","仮想マシンの購入","Title is ALL CAPS"
ALL_CAPS,ja,"fpt-cloud-portal-pay-as-you-gofpt-cloud-portal-pay-as-you-go/change-removable-drive-capacity.md","ストレージディスク容量の変更","Title is ALL CAPS"
ALL_CAPS,ja,"fpt-cloud-portal-pay-as-you-gofpt-cloud-portal-pay-as-you-go/change-virtual-machine-configuration.md","仮想マシン構成の変更","Title is ALL CAPS"
ALL_CAPS,ja,"fpt-cloud-portal-pay-as-you-gofpt-cloud-portal-pay-as-you-go/dang-ky.md","アカウント登録","Title is ALL CAPS"
ALL_CAPS,ja,"fpt-cloud-portal-pay-as-you-gofpt-cloud-portal-pay-as-you-go/recharge-via-gift-code.md","ギフトコードによるチャージ","Title is ALL CAPS"
ALL_CAPS,ja,"fpt-cloud-portal-pay-as-you-gofpt-cloud-portal-pay-as-you-go/view-billing-by-monthly-reconciliation.md","月次請求の確認","Title is ALL CAPS"
ALL_CAPS,ja,"fpt-cloud-portal-pay-as-you-gofpt-cloud-portal-pay-as-you-go/view-performed-transactions.md","取引履歴の確認","Title is ALL CAPS"
ALL_CAPS,ja,"fpt-cloud-waf/configure-waf-server-connection.md","WAFサーバー接続の設定","Title is ALL CAPS"
ALL_CAPS,ja,"fpt-cloud-waf/delete-waf-server.md","WAFサーバーの削除","Title is ALL CAPS"
ALL_CAPS,ja,"fpt-cloud-waf/edit-waf-server.md","WAFサーバーの編集","Title is ALL CAPS"
ALL_CAPS,ja,"fpt-cloud-waf/tutorials-add-waf-server.md","WAFサーバーの追加","Title is ALL CAPS"
ALL_CAPS,ja,"fpt-cloud-wapples/intergration.md","サードパーティとの統合設定情報","Title is ALL CAPS"
ALL_CAPS,ja,"fpt-cloud-wapples/load-balancing.md","設定された各プロキシに対応する宛先ロードバランサーの状態統計","Title is ALL CAPS"
ALL_CAPS,ja,"fpt-cloud-wapples/network-filters-scheduling.md","ネットワークフィルター内のセキュリティグループのスケジュール設定","Title is ALL CAPS"
ALL_CAPS,ja,"fpt-cloud-wapples/network-filters.md","ネットワーク設定（セキュリティグループに相当）","Title is ALL CAPS"
ALL_CAPS,ja,"fpt-cloud-wapples/network.md","WAPPLESのインバウンド・アウトバウンドネットワーク管理","Title is ALL CAPS"
ALL_CAPS,ja,"fpt-cloud-wapples/self-diagnostics.md","システム状態およびネットワーク状態の警告管理","Title is ALL CAPS"
ALL_CAPS,ja,"fpt-cloud-wapples/ssl-profile.md","SSL プロファイルの保存と表示","Title is ALL CAPS"
ALL_CAPS,ja,"fpt-container-registry/huong-dan-nang-goi-dich-vu-dang-su-dung.md","サービスプランをアップグレードする","Title is ALL CAPS"
ALL_CAPS,ja,"fpt-container-registry/kich-hoat-dich-vu.md","サービスをアクティベートする","Title is ALL CAPS"
ALL_CAPS,ja,"fpt-container-registry/kiem-tra-thong-tin-goi-dich-vu.md","サービスプラン情報を確認する","Title is ALL CAPS"
ALL_CAPS,ja,"fpt-container-registry/quan-ly-ket-qua-scan-images.md","スキャン結果を管理する","Title is ALL CAPS"
ALL_CAPS,ja,"fpt-container-registry/scan-image.md","イメージをスキャンする","Title is ALL CAPS"
ALL_CAPS,ja,"fpt-container-registry/stop-scan.md","スキャンを停止する","Title is ALL CAPS"
BAD_CASE,ja,"fpt-data-platform/cdc-service/mysql-sink-connector.md","MySQL Sink Connector","Mixed/broken casing in title"
BAD_CASE,ja,"fpt-data-platform/cdc-service/mysql-source-connector.md","MySQL Source Connector","Mixed/broken casing in title"
ALL_CAPS,ja,"fpt-data-platform/jupyterhub/phan-quyen-nguoi-dung-su-dung-profile.md","ユーザープロファイルの権限割り当て","Title is ALL CAPS"
ALL_CAPS,ja,"fpt-data-platform/jupyterhub/them-nguoi-dung.md","ユーザーの追加","Title is ALL CAPS"
ALL_CAPS,ja,"fpt-event-gateway/cap-nhat-thong-tin-security.md","セキュリティ情報の更新","Title is ALL CAPS"
ALL_CAPS,ja,"fpt-event-gateway/quan-ly-security.md","セキュリティの管理","Title is ALL CAPS"
ALL_CAPS,ja,"fpt-event-gateway/tao-moi-security.md","セキュリティの作成","Title is ALL CAPS"
ALL_CAPS,ja,"fpt-event-gateway/xoa-security.md","セキュリティの削除","Title is ALL CAPS"
ALL_CAPS,ja,"fpt-jenkins-ci/cap-nhat-mot-credential.md","クレデンシャルの更新","Title is ALL CAPS"
ALL_CAPS,ja,"fpt-jenkins-ci/cap-nhat-thong-tin-cau-hinh-agent.md","エージェント設定の更新","Title is ALL CAPS"
ALL_CAPS,ja,"fpt-jenkins-ci/cau-hinh-email-notifications.md","メール通知の設定","Title is ALL CAPS"
ALL_CAPS,ja,"fpt-jenkins-ci/kiem-tra-thong-tin-goi-dich-vu.md","サービスパッケージ情報の確認","Title is ALL CAPS"
ALL_CAPS,ja,"fpt-jenkins-ci/nang-cap-goi-dich-vu.md","サービスパッケージのアップグレード","Title is ALL CAPS"
ALL_CAPS,ja,"fpt-jenkins-ci/quan-ly-credential.md","クレデンシャルの管理","Title is ALL CAPS"
ALL_CAPS,ja,"fpt-jenkins-ci/them-moi-mot-agent.md","エージェントの新規追加","Title is ALL CAPS"
ALL_CAPS,ja,"fpt-jenkins-ci/them-moi-mot-credential.md","クレデンシャルの新規追加","Title is ALL CAPS"
ALL_CAPS,ja,"fpt-jenkins-ci/xoa-agent-khi-khong-muon-su-dung.md","エージェントの削除","Title is ALL CAPS"
ALL_CAPS,ja,"fpt-jenkins-ci/xoa-mot-credential.md","クレデンシャルの削除","Title is ALL CAPS"
ALL_CAPS,ja,"fpt-kafka/create-acls.md","ACLの作成","Title is ALL CAPS"
ALL_CAPS,ja,"fpt-kafka/delete-acls.md","ACLの削除","Title is ALL CAPS"
ALL_CAPS,ja,"fpt-kafka/manage-acls.md","ACLの管理","Title is ALL CAPS"
ALL_CAPS,ja,"fpt-kafka/quick-starts.md","クイックスタート","Title is ALL CAPS"
ALL_CAPS,ja,"fpt-kubernetes-engine-with-gpu/huong-dan-cau-hinh-auto-scale-su-dung-gpu-custom-metric.md","GPUカスタムメトリクスを使用したオートスケールの設定","Title is ALL CAPS"
ALL_CAPS,ja,"fpt-kubernetes-engine-with-gpu/huong-dan-su-dung-cac-che-do-gpu-sharing.md","GPU共有モードの使用方法","Title is ALL CAPS"
ALL_CAPS,ja,"fpt-kubernetes-engine-with-gpu/huong-dan-su-dung-gpu-telemetry.md","GPUテレメトリの使用方法","Title is ALL CAPS"
ALL_CAPS,ja,"fpt-kubernetes-engine-with-gpu/tang-them-worker-group-su-dung-gpu.md","GPUワーカーグループの追加","Title is ALL CAPS"
ALL_CAPS,ja,"fpt-kubernetes-engine-with-gpu/thay-doi-worker-group-su-sung-gpu.md","GPUワーカーグループの変更","Title is ALL CAPS"
ALL_CAPS,ja,"fpt-managed-gpu-cluster/lay-thong-tin-truy-cap-cluster.md","クラスターアクセス情報を取得する","Title is ALL CAPS"
ALL_CAPS,ja,"fpt-managed-gpu-cluster/mps-gpu-sharing.md","MPS GPU共有","Title is ALL CAPS"
ALL_CAPS,ja,"fpt-managed-gpu-cluster/try-example-workload.md","サンプルGPUワークロードを試す","Title is ALL CAPS"
ALL_CAPS,ja,"fpt-message-bus/quick-starts.md","クイックスタート","Title is ALL CAPS"
ALL_CAPS,ja,"fpt-monitoring-ip-access-control/lien-he-ho-tro.md","サポートへのお問い合わせ","Title is ALL CAPS"
ALL_CAPS,ja,"fpt-monitoring-ip-access-control/quan-li-danh-sach-whitelisted-ip.md","ホワイトリスト IP 一覧を管理する","Title is ALL CAPS"
ALL_CAPS,ja,"fpt-monitoring-ip-access-control/quy-tac-he-thong.md","システムルール","Title is ALL CAPS"
ALL_CAPS,ja,"fpt-monitoring-ip-access-control/retry-ip.md","失敗した IP 操作を再試行する","Title is ALL CAPS"
ALL_CAPS,ja,"fpt-monitoring-ip-access-control/them-moi-whitelisted-ip.md","ホワイトリスト IP を追加する","Title is ALL CAPS"
ALL_CAPS,ja,"fpt-monitoring-ip-access-control/truy-cap-tinh-nang.md","IP アクセス制御機能にアクセスする","Title is ALL CAPS"
ALL_CAPS,ja,"fpt-monitoring-ip-access-control/xem-danh-sach-whitelisted-ip.md","ホワイトリスト IP 一覧を表示する","Title is ALL CAPS"
ALL_CAPS,ja,"fpt-monitoring-ip-access-control/xoa-whitelisted-ip.md","ホワイトリスト IP を削除する","Title is ALL CAPS"
ALL_CAPS,ja,"fpt-va/dashboard-ket-qua-quet.md","1. スキャン結果ダッシュボードへのアクセス","Title is ALL CAPS"
ALL_CAPS,ja,"fpt-va/kiem-tra-trang-thai-target.md","ターゲットのスキャンステータスを確認する","Title is ALL CAPS"
ALL_CAPS,ja,"fpt-va/quan-ly-target.md","ターゲット管理","Title is ALL CAPS"
ALL_CAPS,ja,"fpt-va/tao-target.md","ターゲットを作成する","Title is ALL CAPS"
ALL_CAPS,ja,"fpt-va/xem-chi-tiet-ket-qua-quet.md","2. スキャン結果の詳細表示","Title is ALL CAPS"
ALL_CAPS,ja,"fpt-va/xem-ket-qua-quet-cu.md","3. 過去のスキャン結果の表示","Title is ALL CAPS"
ALL_CAPS,ja,"fpt-va/xem-ket-qua-quet.md","スキャン結果の表示","Title is ALL CAPS"
ALL_CAPS,ja,"fpt-va/xuat-bao-cao.md","レポートのエクスポート","Title is ALL CAPS"
ALL_CAPS,ja,"global-search/global-search-usage.md","グローバル検索の使い方","Title is ALL CAPS"
ALL_CAPS,ja,"global-search/index.md","グローバル検索","Title is ALL CAPS"
ALL_CAPS,ja,"gpu-virtual-machine-en/クイック-スタート.md","クイック スタート","Title is ALL CAPS"
ALL_CAPS,ja,"gpu-virtual-machine-en/サブネット-の-作成.md","サブネット の 作成","Title is ALL CAPS"
ALL_CAPS,ja,"gpu-virtual-machine-en/サーバーへのアクセス.md","サーバーへのアクセス","Title is ALL CAPS"
ALL_CAPS,ja,"gpu-virtual-machine-en/セキュリティグループの作成.md","セキュリティグループの作成","Title is ALL CAPS"
ALL_CAPS,ja,"huong-dan-su-dung-grafana/cau-hoi-thuong-gap.md","よくある質問","Title is ALL CAPS"
ALL_CAPS,ja,"huong-dan-su-dung-grafana/khoi-tao-workspace.md","ワークスペースの作成","Title is ALL CAPS"
BAD_CASE,ja,"iac-old/index.md","IaC (Infrastructure as Code)","Mixed/broken casing in title"
ALL_CAPS,ja,"iam/change-password.md","パスワードの変更","Title is ALL CAPS"
ALL_CAPS,ja,"iam/configure-2fa.md","2FAの設定","Title is ALL CAPS"
ALL_CAPS,ja,"iam/create-account-access-vpc.md","アカウントの作成と招待されたVPCへのアクセス","Title is ALL CAPS"
ALL_CAPS,ja,"iam/download-access-log.md","アクセス履歴一覧のダウンロード","Title is ALL CAPS"
ALL_CAPS,ja,"incident-management/change-the-incident-severity.md","影響度の変更","Title is ALL CAPS"
ALL_CAPS,ja,"incident-management/change-the-incident-status.md","インシデントステータスの変更","Title is ALL CAPS"
ALL_CAPS,ja,"incident-management/create-incident.md","インシデントの作成","Title is ALL CAPS"
ALL_CAPS,ja,"incident-management/declare-incident.md","インシデントの直接宣言","Title is ALL CAPS"
ALL_CAPS,ja,"incident-management/filter-incidents.md","インシデントの検索とフィルタリング","Title is ALL CAPS"
ALL_CAPS,ja,"incident-management/incident-data-visualization.md","インシデントデータの可視化","Title is ALL CAPS"
ALL_CAPS,ja,"incident-management/manage-incidents.md","インシデントの管理","Title is ALL CAPS"
ALL_CAPS,ja,"incident-management/post-incident-activity.md","対応活動の記録","Title is ALL CAPS"
ALL_CAPS,ja,"incident-management/view-incident-detail.md","インシデントの詳細表示","Title is ALL CAPS"
ALL_CAPS,ja,"load-balancer/Allow-IP-CIDR.md","許可 IP/CIDR の設定","Title is ALL CAPS"
ALL_CAPS,ja,"load-balancer/SNI-load-balancer.md","ロードバランサーでの SNI 設定","Title is ALL CAPS"
ALL_CAPS,ja,"load-balancer/access-logs.md","アクセスログ","Title is ALL CAPS"
ALL_CAPS,ja,"load-balancer/add-external-member.md","ロードバランサーへの外部メンバーの追加","Title is ALL CAPS"
ALL_CAPS,ja,"load-balancer/allow-ip-cidr.md","許可 IP/CIDR の設定","Title is ALL CAPS"
ALL_CAPS,ja,"load-balancer/cap-nhat-load-balancer.md","ロードバランサーの更新","Title is ALL CAPS"
ALL_CAPS,ja,"load-balancer/cau-hinh-timeout.md","タイムアウトの設定","Title is ALL CAPS"
ALL_CAPS,ja,"load-balancer/chinh-sua-cau-hinh-health-check.md","ヘルスチェックの設定","Title is ALL CAPS"
ALL_CAPS,ja,"load-balancer/chinh-sua-listener.md","リスナーの L7 ポリシー設定","Title is ALL CAPS"
ALL_CAPS,ja,"load-balancer/classic-import-ssl-certificate.md","SSL 証明書のインポート/作成（クラシック）","Title is ALL CAPS"
ALL_CAPS,ja,"load-balancer/configure-health-check.md","ヘルスチェックの設定","Title is ALL CAPS"
ALL_CAPS,ja,"load-balancer/configure-l7-policy.md","リスナーの L7 ポリシー設定","Title is ALL CAPS"
ALL_CAPS,ja,"load-balancer/configure-sni.md","ロードバランサーでの SNI の設定","Title is ALL CAPS"
ALL_CAPS,ja,"load-balancer/configure-timeout.md","タイムアウトの設定","Title is ALL CAPS"
ALL_CAPS,ja,"load-balancer/create-listener.md","リスナーの作成・更新・削除","Title is ALL CAPS"
ALL_CAPS,ja,"load-balancer/create-load-balancer.md","ロードバランサーの作成","Title is ALL CAPS"
ALL_CAPS,ja,"load-balancer/create-server-pool.md","サーバープールの作成","Title is ALL CAPS"
ALL_CAPS,ja,"load-balancer/delete-ssl-certificate.md","SSL 証明書の削除","Title is ALL CAPS"
ALL_CAPS,ja,"load-balancer/enable-hsts-to-http-listener.md","HTTPS リスナーでの HSTS の有効化","Title is ALL CAPS"
ALL_CAPS,ja,"load-balancer/enable-hsts.md","HTTPS リスナーでの HSTS の有効化","Title is ALL CAPS"
ALL_CAPS,ja,"load-balancer/import-ssl-certificate.md","SSL 証明書のインポート","Title is ALL CAPS"
ALL_CAPS,ja,"load-balancer/index.md","ロードバランサー","Title is ALL CAPS"
ALL_CAPS,ja,"load-balancer/initial-setup.md","初期セットアップ","Title is ALL CAPS"
ALL_CAPS,ja,"load-balancer/khoi tao mot load balancer moi.md","新しいロードバランサーの作成","Title is ALL CAPS"
ALL_CAPS,ja,"load-balancer/khoi-tao-listener.md","リスナーの作成・更新・削除","Title is ALL CAPS"
ALL_CAPS,ja,"load-balancer/khoi-tao-load-balancer.md","ロードバランサーの作成","Title is ALL CAPS"
ALL_CAPS,ja,"load-balancer/khoi-tao-server-pool.md","サーバープールの作成","Title is ALL CAPS"
ALL_CAPS,ja,"load-balancer/monitor-load-balancer.md","ロードバランサーの監視グラフ","Title is ALL CAPS"
ALL_CAPS,ja,"load-balancer/quan-ly-ssl-certificate.md","SSL 証明書の管理","Title is ALL CAPS"
ALL_CAPS,ja,"load-balancer/redirect-http-request-sang-https.md","HTTPからHTTPSへのリダイレクト設定","Title is ALL CAPS"
ALL_CAPS,ja,"load-balancer/redirect-http-to-https.md","HTTP リクエストの HTTPS へのリダイレクト","Title is ALL CAPS"
ALL_CAPS,ja,"load-balancer/redirect-prefix.md","リダイレクトプレフィックス","Title is ALL CAPS"
ALL_CAPS,ja,"load-balancer/resize-load-balancer.md","ロードバランサーのリサイズ","Title is ALL CAPS"
ALL_CAPS,ja,"load-balancer/tao import ssl certificate.md","SSL証明書のインポート","Title is ALL CAPS"
ALL_CAPS,ja,"load-balancer/thay doi thong tin cau hinh load balancer.md","ロードバランサーの設定情報の変更","Title is ALL CAPS"
ALL_CAPS,ja,"load-balancer/them may ao vao load balancer.md","ロードバランサーへの仮想マシンの追加","Title is ALL CAPS"
ALL_CAPS,ja,"load-balancer/them-external-member.md","外部メンバーの追加","Title is ALL CAPS"
ALL_CAPS,ja,"load-balancer/theo-doi-bieu-do-load-balancer.md","ロードバランサーの監視グラフ","Title is ALL CAPS"
ALL_CAPS,ja,"load-balancer/update-load-balancer.md","ロードバランサーの更新","Title is ALL CAPS"
ALL_CAPS,ja,"load-balancer/xem thong tin chi tiet ssl certificate.md","SSL 証明書の詳細情報の確認","Title is ALL CAPS"
ALL_CAPS,ja,"load-balancer/xoa load balancer.md","ロードバランサーの削除","Title is ALL CAPS"
ALL_CAPS,ja,"load-balancer/xoa may ao khoi load balancer.md","ロードバランサーからの仮想マシンの削除","Title is ALL CAPS"
ALL_CAPS,ja,"load-balancer/xoa-ssl-certificate.md","SSL証明書の削除","Title is ALL CAPS"
ALL_CAPS,ja,"lock-unlock-instance-deletion/index.md","インスタンス削除のロック & ロック解除","Title is ALL CAPS"
ALL_CAPS,ja,"lock-unlock-instance-deletion/lock-instance-deletion.md","インスタンス削除のロック","Title is ALL CAPS"
ALL_CAPS,ja,"lock-unlock-instance-deletion/unlock-instance-deletion.md","インスタンス削除のロック解除","Title is ALL CAPS"
ALL_CAPS,ja,"managed-fpt-database-engine/create-backup-service.md","バックアップサービスの作成","Title is ALL CAPS"
ALL_CAPS,ja,"managed-fpt-database-engine/create-security-groups.md","セキュリティグループの作成","Title is ALL CAPS"
ALL_CAPS,ja,"managed-fpt-database-engine/manage-backups.md","バックアップの管理","Title is ALL CAPS"
ALL_CAPS,ja,"managed-fpt-database-engine/manage-event-logs.md","イベントログの管理","Title is ALL CAPS"
ALL_CAPS,ja,"managed-fpt-database-engine/manage-resources.md","リソースの管理","Title is ALL CAPS"
ALL_CAPS,ja,"managed-fpt-database-engine/manage-restore.md","リストアの管理","Title is ALL CAPS"
ALL_CAPS,ja,"managed-fpt-database-engine/process-monitoring.md","プロセスモニタリングの管理","Title is ALL CAPS"
ALL_CAPS,ja,"managed-fpt-database-engine/roles.md","ロールの管理","Title is ALL CAPS"
ALL_CAPS,ja,"managed-fpt-database-engine/update-delete-backup-job.md","バックアップジョブの更新と削除","Title is ALL CAPS"
ALL_CAPS,ja,"managed-fpt-database-engine/update-delete-backup-service.md","バックアップサービスの更新と削除","Title is ALL CAPS"
ALL_CAPS,ja,"managed-fpt-database-engines-new/Initial-setup.md","初期セットアップ要件","Title is ALL CAPS"
ALL_CAPS,ja,"managed-fpt-database-engines-new/Version-List.md","サポートバージョン一覧","Title is ALL CAPS"
ALL_CAPS,ja,"managed-fpt-database-engines-new/Version-policy.md","バージョンポリシー","Title is ALL CAPS"
ALL_CAPS,ja,"managed-fpt-database-engines-new/backup-job-mgmt.md","バックアップジョブの管理","Title is ALL CAPS"
ALL_CAPS,ja,"managed-fpt-database-engines-new/backup-mgmt.md","バックアップサービスの管理","Title is ALL CAPS"
ALL_CAPS,ja,"managed-fpt-database-engines-new/backup-restore.md","バックアップの種類","Title is ALL CAPS"
ALL_CAPS,ja,"managed-fpt-database-engines-new/create-db.md","データベースの作成","Title is ALL CAPS"
ALL_CAPS,ja,"managed-fpt-database-engines-new/database-engine-version.md","データベースエンジンバージョン","Title is ALL CAPS"
ALL_CAPS,ja,"managed-fpt-database-engines-new/db-connect.md","データベースへの接続","Title is ALL CAPS"
ALL_CAPS,ja,"managed-fpt-database-engines-new/db-manage-operate.md","データベースのプロビジョニングと運用","Title is ALL CAPS"
ALL_CAPS,ja,"managed-fpt-database-engines-new/db-operation.md","データベースの運用","Title is ALL CAPS"
ALL_CAPS,ja,"managed-fpt-database-engines-new/db-view-detail.md","データベース詳細の表示","Title is ALL CAPS"
ALL_CAPS,ja,"managed-fpt-database-engines-new/deployment-model.md","デプロイメントモデル","Title is ALL CAPS"
ALL_CAPS,ja,"managed-fpt-database-engines-new/log.md","イベントログ","Title is ALL CAPS"
ALL_CAPS,ja,"managed-fpt-database-engines-new/maintenance-window.md","メンテナンスウィンドウ","Title is ALL CAPS"
ALL_CAPS,ja,"managed-fpt-database-engines-new/maintenance.md","サービスメンテナンス","Title is ALL CAPS"
ALL_CAPS,ja,"managed-fpt-database-engines-new/monitoring.md","モニタリング","Title is ALL CAPS"
ALL_CAPS,ja,"managed-fpt-database-engines-new/mysql-troubleshooting.md","エラーカタログ","Title is ALL CAPS"
ALL_CAPS,ja,"managed-fpt-database-engines-new/network-connectivity.md","ネットワーク接続とアクセス性","Title is ALL CAPS"
ALL_CAPS,ja,"managed-fpt-database-engines-new/on-off-pitr.md","PITRの有効化/無効化","Title is ALL CAPS"
ALL_CAPS,ja,"managed-fpt-database-engines-new/parameter.md","パラメーターの管理","Title is ALL CAPS"
ALL_CAPS,ja,"managed-fpt-database-engines-new/push-s3.md","バックアップデータのS3へのプッシュ","Title is ALL CAPS"
ALL_CAPS,ja,"managed-fpt-database-engines-new/report-export.md","手動レポートエクスポート","Title is ALL CAPS"
ALL_CAPS,ja,"managed-fpt-database-engines-new/report-schedule.md","自動レポートスケジューリング","Title is ALL CAPS"
ALL_CAPS,ja,"managed-fpt-database-engines-new/reporting.md","レポーティング","Title is ALL CAPS"
ALL_CAPS,ja,"managed-fpt-database-engines-new/resource.md","データベースクラスターリソースの管理","Title is ALL CAPS"
ALL_CAPS,ja,"managed-fpt-database-engines-new/restore-db.md","データベースの復元","Title is ALL CAPS"
ALL_CAPS,ja,"managed-fpt-database-engines-new/subnet.md","サブネット管理","Title is ALL CAPS"
ALL_CAPS,ja,"managed-fpt-database-engines-new/upgrade-version.md","データベースバージョンのアップグレード","Title is ALL CAPS"
ALL_CAPS,ja,"managed-fpt-database-engines-new/user-group-management.md","ユーザーグループ管理","Title is ALL CAPS"
ALL_CAPS,ja,"managed-fpt-database-engines-new/vertical-scaling.md","垂直スケーリング","Title is ALL CAPS"
ALL_CAPS,ja,"managed-fpt-database-engines-new/view-db-list.md","データベース一覧の表示","Title is ALL CAPS"
ALL_CAPS,ja,"managed-fpt-kubernetes-engine/access-clusters-detail-information.md","クラスターの詳細情報へのアクセス","Title is ALL CAPS"
ALL_CAPS,ja,"managed-fpt-kubernetes-engine/auto-upgrade-version.md","バージョン自動アップグレード機能","Title is ALL CAPS"
ALL_CAPS,ja,"managed-fpt-kubernetes-engine/change-base-worker-group.md","ベースワーカーグループの切り替え","Title is ALL CAPS"
ALL_CAPS,ja,"managed-fpt-kubernetes-engine/change-cluster-endpoint-access.md","クラスターエンドポイントアクセスの変更","Title is ALL CAPS"
ALL_CAPS,ja,"managed-fpt-kubernetes-engine/change-worker-pool-flavor.md","ワーカープールのフレーバー設定変更","Title is ALL CAPS"
ALL_CAPS,ja,"managed-fpt-kubernetes-engine/container-level-auto-scaling.md","コンテナレベルの自動スケーリング","Title is ALL CAPS"
ALL_CAPS,ja,"managed-fpt-kubernetes-engine/deploy-application-in-worker-pool.md","ワーカープールへのアプリケーションのデプロイ","Title is ALL CAPS"
ALL_CAPS,ja,"managed-fpt-kubernetes-engine/faqs-mfke.md","よくある質問","Title is ALL CAPS"
ALL_CAPS,ja,"managed-fpt-kubernetes-engine/microservices-architecture-on-fke.md","FKE 上のマイクロサービスアーキテクチャ","Title is ALL CAPS"
ALL_CAPS,ja,"managed-fpt-kubernetes-engine/node-level-auto-scaling.md","ノードレベルの自動スケーリング","Title is ALL CAPS"
ALL_CAPS,ja,"managed-fpt-kubernetes-engine/notes-when-using-mfke.md","M-FKE 使用上の注意事項","Title is ALL CAPS"
ALL_CAPS,ja,"managed-fpt-kubernetes-engine/security-enhancement.md","M-FKE のセキュリティ強化機能","Title is ALL CAPS"
ALL_CAPS,ja,"managed-fpt-kubernetes-engine/setting-up-gpu-telemetry.md","GPU テレメトリーの設定","Title is ALL CAPS"
ALL_CAPS,ja,"managed-fpt-kubernetes-engine/tag-vms.md","仮想マシンへのタグ付け機能","Title is ALL CAPS"
ALL_CAPS,ja,"managed-fpt-kubernetes-engine/what-is-gpu.md","GPU とは？","Title is ALL CAPS"
ALL_CAPS,ja,"managed-fpt-kubernetes-engine/why-use-gpu-on-cloud.md","クラウドで GPU を使用する理由","Title is ALL CAPS"
ALL_CAPS,ja,"managed-fpt-kubernetes-engine/why-you-should-use-gpu-in-cloud.md","クラウドで GPU を使用する理由","Title is ALL CAPS"
ALL_CAPS,ja,"managed-gpu-cluster-kubernetes-ja/クラスターのアクセス情報を取得.md","クラスターのアクセス情報を取得","Title is ALL CAPS"
ALL_CAPS,ja,"managed-gpu-cluster-kubernetes-ja/サービス種別：ロードバランサー.md","サービス種別：ロードバランサー","Title is ALL CAPS"
ALL_CAPS,ja,"managed-gpu-cluster-kubernetes-ja/マニュアルスケール機能.md","マニュアルスケール機能","Title is ALL CAPS"
ALL_CAPS,ja,"managed-gpu-cluster-kubernetes-ja/ワーカーグループのラベル-汚染を編集.md","ワーカーグループのラベル 汚染を編集","Title is ALL CAPS"
ALL_CAPS,ja,"managed-gpu-cluster-kubernetes-ja/ワーカーグループを追加.md","ワーカーグループを追加","Title is ALL CAPS"
ALL_CAPS,ja,"metal-cloud-ja/Metal Cloud OS and Images.md","カスタムイメージ","Title is ALL CAPS"
ALL_CAPS,ja,"metal-cloud-ja/Metal Cloud RAID.md","RAID 定義","Title is ALL CAPS"
ALL_CAPS,ja,"metal-cloud-ja/アクセスサーバー.md","コンソール KVM","Title is ALL CAPS"
ALL_CAPS,ja,"metal-cloud-ja/クイックスタート.md","クイックスタート","Title is ALL CAPS"
ALL_CAPS,ja,"metal-cloud-ja/サブネット.md","サブネットの作成。","Title is ALL CAPS"
ALL_CAPS,ja,"metal-cloud-ja/サーバーの作成.md","サーバーの作成","Title is ALL CAPS"
ALL_CAPS,ja,"metal-cloud-ja/サーバーアクション.md","サーバーの電源オンとオフ","Title is ALL CAPS"
ALL_CAPS,ja,"metal-cloud-ja/ネットワーク ACL.md","ネットワーク ACL の概要","Title is ALL CAPS"
ALL_CAPS,ja,"metal-cloud-ja/ユーザーデータ.md","ユーザーデータ","Title is ALL CAPS"
ALL_CAPS,ja,"metal-cloud-ja/監視サーバー.md","監視サーバー","Title is ALL CAPS"
ALL_CAPS,ja,"model-fine-tuning/about-jaist.md","JAIST について","Title is ALL CAPS"
ALL_CAPS,ja,"model-fine-tuning/business-impact.md","ビジネスへの影響","Title is ALL CAPS"
ALL_CAPS,ja,"model-fine-tuning/concept.md","モデルの微調整","Title is ALL CAPS"
ALL_CAPS,ja,"model-fine-tuning/faqs.md","よくある質問","Title is ALL CAPS"
ALL_CAPS,ja,"model-fine-tuning/model-metrics.md","モデルメトリクス","Title is ALL CAPS"
ALL_CAPS,ja,"model-fine-tuning/select-dataset-format.md","データセット形式の選択","Title is ALL CAPS"
ALL_CAPS,ja,"model-fine-tuning/set-up-hyperparameters.md","ハイパーパラメータの設定","Title is ALL CAPS"
ALL_CAPS,ja,"model-fine-tuning/set-up-infrastructure.md","インフラのセットアップ","Title is ALL CAPS"
ALL_CAPS,ja,"model-fine-tuning/sign-up-for-an-account.md","アカウントのサインアップ","Title is ALL CAPS"
ALL_CAPS,ja,"model-fine-tuning/step-by-step.md","ステップバイステップ","Title is ALL CAPS"
ALL_CAPS,ja,"model-fine-tuning/system-metrics.md","システムメトリクス","Title is ALL CAPS"
ALL_CAPS,ja,"model-hub/Edit-version.md","バージョンの編集","Title is ALL CAPS"
ALL_CAPS,ja,"model-hub/create-version.md","バージョンの作成","Title is ALL CAPS"
ALL_CAPS,ja,"model-hub/delete-file.md","ファイルの削除","Title is ALL CAPS"
ALL_CAPS,ja,"model-hub/delete-version.md","バージョンの削除","Title is ALL CAPS"
ALL_CAPS,ja,"model-hub/download-files.md","ファイルのダウンロード","Title is ALL CAPS"
ALL_CAPS,ja,"model-hub/how-to-upload-download-files-by-sdk.md","SDK によるファイルのアップロードとダウンロード","Title is ALL CAPS"
ALL_CAPS,ja,"model-hub/sign-up-for-an-account.md","アカウントの登録","Title is ALL CAPS"
ALL_CAPS,ja,"model-hub/start-using-services.md","サービスの利用開始","Title is ALL CAPS"
ALL_CAPS,ja,"model-hub/top-up-balance.md","残高のチャージ","Title is ALL CAPS"
ALL_CAPS,ja,"model-hub/update-share.md","共有権限の更新","Title is ALL CAPS"
ALL_CAPS,ja,"model-hub/upload-file.md","ファイルのアップロード","Title is ALL CAPS"
ALL_CAPS,ja,"model-hub/upload-files.md","ファイルのアップロード","Title is ALL CAPS"
ALL_CAPS,ja,"model-hub/view-update-organization.md","組織の表示・更新","Title is ALL CAPS"
ALL_CAPS,ja,"model-serving/about-fci.md","FCIについて","Title is ALL CAPS"
ALL_CAPS,ja,"model-serving/create-a-new-model-serving-deployment.md","新規デプロイメントの作成","Title is ALL CAPS"
ALL_CAPS,ja,"model-serving/delete-a-deployment.md","デプロイメントの削除","Title is ALL CAPS"
ALL_CAPS,ja,"model-serving/deployment-configuration-information.md","デプロイメント設定","Title is ALL CAPS"
ALL_CAPS,ja,"model-serving/deployment-list.md","デプロイメント一覧","Title is ALL CAPS"
ALL_CAPS,ja,"model-serving/status-actions-deployment.md","ステータスとアクション","Title is ALL CAPS"
ALL_CAPS,ja,"model-serving/traffic-setting-configuration-information.md","トラフィック設定","Title is ALL CAPS"
ALL_CAPS,ja,"model-testing/definition.md","モデルテスト","Title is ALL CAPS"
ALL_CAPS,ja,"model-testing/index.md","モデルテスト","Title is ALL CAPS"
ALL_CAPS,ja,"model-testing-test-jobs/how-to-manage-job.md","テストジョブの管理方法","Title is ALL CAPS"
ALL_CAPS,ja,"model-testing-test-jobs/standard-select-data-format.md","標準データフォーマットの選択","Title is ALL CAPS"
ALL_CAPS,ja,"nic/add-card-NIC- new.md","新しいNICカードの追加","Title is ALL CAPS"
ALL_CAPS,ja,"nic/change-address-MAC.md","MACアドレスの変更","Title is ALL CAPS"
ALL_CAPS,ja,"nic/convert-card.md","NICカードをプライマリに変換","Title is ALL CAPS"
ALL_CAPS,ja,"nic/create-card-NIC- Primary.md","プライマリNICの作成","Title is ALL CAPS"
ALL_CAPS,ja,"nic/delete-card-NIC.md","NICカードの削除","Title is ALL CAPS"
ALL_CAPS,ja,"nic/disable-NIC-card.md","NICカードの無効化","Title is ALL CAPS"
ALL_CAPS,ja,"nic/edit-ip-address.md","IPアドレスの編集","Title is ALL CAPS"
ALL_CAPS,ja,"nic/enable-NIC-card.md","NICカードの有効化","Title is ALL CAPS"
ALL_CAPS,ja,"nic/index.md","ネットワークインターフェースカード (NIC)","Title is ALL CAPS"
ALL_CAPS,ja,"notification-bell/see-notification-bell.md","通知を確認する","Title is ALL CAPS"
ALL_CAPS,ja,"notification-bell/show-notification.md","通知ベルアイコンの表示","Title is ALL CAPS"
ALL_CAPS,ja,"policy-management/index.md","ポリシー管理","Title is ALL CAPS"
ALL_CAPS,ja,"policy-management/ポリシーを有効にする_07.md","ポリシーを有効にする","Title is ALL CAPS"
ALL_CAPS,ja,"policy-management/ポリシーを無効にする_06.md","ポリシーを無効にする","Title is ALL CAPS"
ALL_CAPS,ja,"policy-management/ポリシー削除_05.md","ポリシーの削除","Title is ALL CAPS"
ALL_CAPS,ja,"policy-management/ポリシー管理の作成_03.md","ポリシー管理の作成","Title is ALL CAPS"
ALL_CAPS,ja,"policy-management/ポリシー管理の迅速な作成-01.md","ポリシー管理のクイック作成","Title is ALL CAPS"
ALL_CAPS,ja,"policy-management/ポリシー管理の適用_02.md","ポリシーの適用","Title is ALL CAPS"
ALL_CAPS,ja,"policy-management/ポリシー編集_04.md","ポリシーの編集","Title is ALL CAPS"
ALL_CAPS,ja,"relation-management/dashboard.md","ダッシュボード","Title is ALL CAPS"
ALL_CAPS,ja,"relation-management/relation-management.md","1, リレーションの作成","Title is ALL CAPS"
ALL_CAPS,ja,"relation-management/tao-work-space.md","ワークスペースの作成","Title is ALL CAPS"
ALL_CAPS,ja,"relation-management/truy-cap-dich-vu.md","サービスへのアクセス","Title is ALL CAPS"
ALL_CAPS,ja,"reporting/delete-report.md","レポートの削除","Title is ALL CAPS"
ALL_CAPS,ja,"reporting/edit-report.md","レポートの編集","Title is ALL CAPS"
ALL_CAPS,ja,"reporting/tao-report.md","レポートの作成","Title is ALL CAPS"
ALL_CAPS,ja,"reporting/test-send-email.md","テスト送信メール","Title is ALL CAPS"
ALL_CAPS,ja,"reporting/tich-hop-dich-vu.md","サービス連携","Title is ALL CAPS"
ALL_CAPS,ja,"reporting/view-detail.md","レポート詳細の表示","Title is ALL CAPS"
ALL_CAPS,ja,"sso-single-sign-on/config-sso.md","SSOの設定","Title is ALL CAPS"
ALL_CAPS,ja,"sso-single-sign-on/use-sso.md","SSOの使用","Title is ALL CAPS"
ALL_CAPS,ja,"terraform/set-up.md","セットアップガイド","Title is ALL CAPS"
ALL_CAPS,ja,"trellix-customer-guide/client-task.md","クライアントタスクの管理","Title is ALL CAPS"
ALL_CAPS,ja,"trellix-customer-guide/report.md","レポートの表示","Title is ALL CAPS"
ALL_CAPS,ja,"trellix-customer-guide/truy-cap-giao-dien-quan-tri.md","管理インターフェースへのアクセス","Title is ALL CAPS"
ALL_CAPS,ja,"user-token/fqas.md","よくある質問","Title is ALL CAPS"
ALL_CAPS,ja,"vpn-site-to-site/VPN情報の確認.md","VPN情報の確認","Title is ALL CAPS"
ALL_CAPS,ja,"vpn-site-to-site/connect-behind-NAT.md","NAT背後のデバイス接続","Title is ALL CAPS"
ALL_CAPS,ja,"vpn-site-to-site/edit-security-profile.md","セキュリティプロファイルの編集","Title is ALL CAPS"
ALL_CAPS,ja,"vpn-site-to-site/faq.md","よくある質問","Title is ALL CAPS"
ALL_CAPS,ja,"vpn-site-to-site/ket-noi-thiet-bi-behind-NAT-IP.md","NAT背後のデバイス接続（詳細版）","Title is ALL CAPS"
ALL_CAPS,ja,"vpn-site-to-site/permission-access-guide.md","サービス権限管理","Title is ALL CAPS"
ALL_CAPS,ja,"vpn-site-to-site/サイト間VPNの作成 -1.md","サイト間VPNの作成","Title is ALL CAPS"
ALL_CAPS,ja,"vpn-site-to-site/サイト間VPNの情報編集 -3.md","VPN情報の編集","Title is ALL CAPS"
ALL_CAPS,ja,"vpn-site-to-site/サイト間VPNの構成情報をダウンロード.md","VPN構成情報のダウンロード","Title is ALL CAPS"
ALL_CAPS,ja,"vpn-site-to-site/サイト間VPNの無効化 -1.md","サイト間VPNの無効化","Title is ALL CAPS"
ALL_CAPS,ja,"vpn-site-to-site/サイト間VPNを有効にする-2.md","サイト間VPNの有効化","Title is ALL CAPS"
ALL_CAPS,ja,"vpn-site-to-site/サイト間の削除-5.md","サイト間VPNの削除","Title is ALL CAPS"
ALL_CAPS,ja,"vpn-site-to-site/認証証明書モード.md","証明書認証モード","Title is ALL CAPS"
ALL_CAPS,ja,"タグ-付け/index.md","タグ付けの概要","Title is ALL CAPS"
ALL_CAPS,ja,"タグ-付け/タグリソースの管理.md","リソースのタグ管理","Title is ALL CAPS"