type,match_level,section,docId,title,present_in,missing_in,source_lang,bytes,match_lang,match_docId,match_score
HIGH_MATCH,HIGH_MATCH,create-vpc,"create-vpc-en","Create a VPC",en,vi+ja,en,1321,vi,"create-vpc",69
LOW_MATCH,LOW_MATCH,create-vpc,"view-activity-en","Xem Activity log và trạng thái tác vụ",en+vi,ja,vi,575,ja,"アクティビティログ＆直近タスクステータスの記録_3",38
HIGH_MATCH,HIGH_MATCH,dedicated-fpt-kubernetes-engine,"access-clusters-detail-information","クラスターの詳細情報へのアクセス",en+ja,vi,ja,2430,vi,"truy-cap-thong-tin-chi-tiet-cua-cluster",67
HIGH_MATCH,HIGH_MATCH,dedicated-fpt-kubernetes-engine,"add-nfs-storage","NFS Persistent Storage の追加",en+ja,vi,ja,882,vi,"them-nfs-persistent-storage",67
HIGH_MATCH,HIGH_MATCH,dedicated-fpt-kubernetes-engine,"advanced-firewall","DFKE Advanced Firewall",en+ja,vi,ja,3465,vi,"dfke-advanced-firewall",66
MEDIUM_MATCH,MEDIUM_MATCH,dedicated-fpt-kubernetes-engine,"auto-scale","Autoscale",en+ja,vi,ja,2047,vi,"AutoScale",44
HIGH_MATCH,HIGH_MATCH,dedicated-fpt-kubernetes-engine,"backup-restore-cluster","Cluster のバックアップとリストア",en+ja,vi,ja,989,vi,"backup-and-restore-cluster",68
HIGH_MATCH,HIGH_MATCH,dedicated-fpt-kubernetes-engine,"change-nfs-server-configuration","NFS Server のフレーバー（構成）の変更",en+ja,vi,ja,909,vi,"thay-doi-flavor-cau-hinh-nfs",67
HIGH_MATCH,HIGH_MATCH,dedicated-fpt-kubernetes-engine,"change-nodes-configuration","Nodes のフレーバー（構成）の変更",en+ja,vi,ja,935,vi,"thay-doi-flavor-cau-hinh-nodes",67
HIGH_MATCH,HIGH_MATCH,dedicated-fpt-kubernetes-engine,"delete-k8s-cluster","Kubernetes クラスターの削除",en+ja,vi,ja,752,vi,"xoa-kubernetes-cluster",67
HIGH_MATCH,HIGH_MATCH,dedicated-fpt-kubernetes-engine,"get-cluster-access-information","cluster アクセス情報の取得",en+ja,vi,ja,1085,vi,"lay-thong-tin-truy-cap-cluster",67
HIGH_MATCH,HIGH_MATCH,dedicated-fpt-kubernetes-engine,"increase-storage-size-of-nfs-server","NFS Server のストレージサイズの拡張",en+ja,vi,ja,910,vi,"tang-storage-size-cua-nfs",67
HIGH_MATCH,HIGH_MATCH,dedicated-fpt-kubernetes-engine,"increase-storage-size-of-nodes","Nodes のストレージサイズの拡張",en+ja,vi,ja,920,vi,"tang-storage-size-cua-nodes",66
HIGH_MATCH,HIGH_MATCH,dedicated-fpt-kubernetes-engine,"initial-setup","初期設定",en+ja,vi,ja,2354,vi,"Initial-Setup",65
HIGH_MATCH,HIGH_MATCH,dedicated-fpt-kubernetes-engine,"list-created-clusters","作成済みKubernetes クラスターの一覧表示",en+ja,vi,ja,568,vi,"xem-danh-sach-kubernetes-cluster-da-tao",67
LOW_MATCH,LOW_MATCH,dedicated-fpt-kubernetes-engine,"load-balancer-services","Service Type Load-Balancer",en+ja,vi,ja,2872,vi,"service-type-load-balancer",36
HIGH_MATCH,HIGH_MATCH,dedicated-fpt-kubernetes-engine,"start-k8s-cluster","Kubernetes クラスターの起動",en+ja,vi,ja,741,vi,"start-kubernetes-cluster",67
HIGH_MATCH,HIGH_MATCH,dedicated-fpt-kubernetes-engine,"stop-k8s-cluster","Kubernetes クラスターの停止",en+ja,vi,ja,648,vi,"stop-kubernetes-cluster",67
LOW_MATCH,LOW_MATCH,file-storage-high-performance,"japan-using-file-storage-high-performance-on-baremetal-gpu-server","Create mount point (Japan)",en,vi+ja,en,7836,vi,"japan-su-dung-file-storage-high-performance-tren-baremetal-gpu-server",39
LOW_MATCH,LOW_MATCH,fpt-api-management,"manage-rest-apis","Managing REST APIs",en+ja,vi,en,4698,vi,"quan-ly-rest-apis",27
HIGH_MATCH,HIGH_MATCH,fpt-argocd,"configure-notification-channels","通知チャンネルの設定",en+ja,vi,ja,4336,vi,"cau-hinh-channel-de-thuc-hien-gui-thong-bao",65
HIGH_MATCH,HIGH_MATCH,fpt-argocd,"configure-oidc-config","OIDC configの設定",en+ja,vi,ja,1006,vi,"cau-hinh-oidc-config",67
HIGH_MATCH,HIGH_MATCH,fpt-argocd,"configure-webhook-with-secret","Webhook secretを使用したWebhookの設定",en+ja,vi,ja,1426,vi,"thuc-hien-cau-hinh-webhook-voi-webhook-secret-da-duoc-tao",67
HIGH_MATCH,HIGH_MATCH,fpt-argocd,"delete-oidc-config","OIDC configの削除",en+ja,vi,ja,832,vi,"delete-oidc-da-cau-hinh",67
HIGH_MATCH,HIGH_MATCH,fpt-argocd,"enable-applications-set","ApplicationSetのenable",en+ja,vi,ja,625,vi,"cho-phep-enable-applications-set",67
HIGH_MATCH,HIGH_MATCH,fpt-argocd,"enable-disable-notifications","Notificationsのenable/disable",en+ja,vi,ja,409,vi,"enable-disable-notificaions",68
HIGH_MATCH,HIGH_MATCH,fpt-argocd,"enable-disable-oidc","OIDCのenable/disable",en+ja,vi,ja,333,vi,"enable-disable-chuc-nang-cau-hinh-oidc",68
HIGH_MATCH,HIGH_MATCH,fpt-argocd,"update-oidc-config","OIDC configの更新",en+ja,vi,ja,541,vi,"update-cau-hinh-oidc",67
LOW_MATCH,LOW_MATCH,fpt-container-registry,"view-repositories-list","View Repositories List",en,vi+ja,en,256,ja,"deleting-an-image-or-artifact-in-a-repository",31
HIGH_MATCH,HIGH_MATCH,iam,"2FA configuration","Cấu hình 2FA",en+vi,ja,vi,1245,ja,"configure-2fa",65
HIGH_MATCH,HIGH_MATCH,iam,"Change password","Change Password",en+vi,ja,en,1008,ja,"change-password",64
HIGH_MATCH,HIGH_MATCH,iam,"Check Activity logs","Kiểm tra activity logs",en+vi,ja,vi,279,ja,"ip-access-activity-log",65
HIGH_MATCH,HIGH_MATCH,iam,"change-password","パスワードの変更",en+ja,vi,ja,1084,vi,"Change password",66
HIGH_MATCH,HIGH_MATCH,iam,"configure-2fa","2FAの設定",en+ja,vi,ja,1242,vi,"2FA configuration",65
HIGH_MATCH,HIGH_MATCH,iam,"create-ip-access","新しいIP Accessレコードの作成",en+ja,vi,ja,1109,vi,"create-ip",66
HIGH_MATCH,HIGH_MATCH,iam,"ip-access-activity-log","アクティビティログの確認",en+ja,vi,ja,279,vi,"Check Activity logs",65
MEDIUM_MATCH,MEDIUM_MATCH,iam,"overview-iam-user","IAM User overview",en,vi+ja,en,743,vi,"IAM-User-Overview",47
MEDIUM_MATCH,MEDIUM_MATCH,iam,"overview-ip-access","IP Access overview",en,vi+ja,en,507,vi,"ip-access-overview",46
MEDIUM_MATCH,MEDIUM_MATCH,iam,"overview-user-group","User Group overview",en,vi+ja,en,387,vi,"User Group-Overview",47
LOW_MATCH,LOW_MATCH,model-hub,"how-to-use-private-model","Model Hub",en+ja,vi,ja,371,vi,"model-hub",37
LOW_MATCH,LOW_MATCH,model-hub,"model-hub","Model Hub",en+vi,ja,vi,343,ja,"notice",39
LOW_MATCH,LOW_MATCH,model-hub,"notice","Model Hub",en+ja,vi,ja,333,vi,"model-hub",39
LOW_MATCH,LOW_MATCH,model-hub,"quick-start","Model Hub",en+ja,vi,ja,343,vi,"model-hub",39
MEDIUM_MATCH,MEDIUM_MATCH,user-token,"user-token","ユーザートークン",en+ja,vi,ja,192,vi,"token",50
MEDIUM_MATCH,MEDIUM_MATCH,create-vpc,"create_vpc","Tạo VPC",vi,en+ja,vi,208,ja,"vpc-の作成",50
MEDIUM_MATCH,MEDIUM_MATCH,dedicated-fpt-kubernetes-engine,"AutoScale","Autoscale",vi,en+ja,vi,2023,ja,"auto-scale",44
HIGH_MATCH,HIGH_MATCH,dedicated-fpt-kubernetes-engine,"Initial-Setup","Thiết lập ban đầu",vi,en+ja,vi,2191,ja,"initial-setup",65
HIGH_MATCH,HIGH_MATCH,dedicated-fpt-kubernetes-engine,"backup-and-restore-cluster","Backup and Restore Cluster",vi,en+ja,vi,882,ja,"backup-restore-cluster",68
HIGH_MATCH,HIGH_MATCH,dedicated-fpt-kubernetes-engine,"dfke-advanced-firewall","1. Tổng quan sản phẩm Kubenetes tích hợp Firewall",vi,en+ja,vi,3309,ja,"advanced-firewall",66
HIGH_MATCH,HIGH_MATCH,dedicated-fpt-kubernetes-engine,"khoi-tao-kubernetes-cluster-moi","Khởi tạo Kubernetes cluster mới",vi,en+ja,vi,2969,ja,"create-new-k8s-cluster",67
HIGH_MATCH,HIGH_MATCH,dedicated-fpt-kubernetes-engine,"lay-thong-tin-truy-cap-cluster","Lấy thông tin truy cập Cluster",vi,en+ja,vi,1020,ja,"get-cluster-access-information",67
LOW_MATCH,LOW_MATCH,dedicated-fpt-kubernetes-engine,"service-type-load-balancer","Service Type Load-Balancer",vi,en+ja,vi,2766,en,"load-balancer-services",39
HIGH_MATCH,HIGH_MATCH,dedicated-fpt-kubernetes-engine,"start-kubernetes-cluster","Với các Cluster đã tắt trước đó; bạn có thể bật lại theo hướng dẫn sau:",vi,en+ja,vi,688,ja,"start-k8s-cluster",67
HIGH_MATCH,HIGH_MATCH,dedicated-fpt-kubernetes-engine,"stop-kubernetes-cluster","Bạn có thể tắt các Cluster đang hoạt động theo hướng dẫn sau:",vi,en+ja,vi,579,ja,"stop-k8s-cluster",67
HIGH_MATCH,HIGH_MATCH,dedicated-fpt-kubernetes-engine,"tang-storage-size-cua-nfs","Tăng Storage size của NFS Server",vi,en+ja,vi,844,ja,"increase-storage-size-of-nfs-server",67
HIGH_MATCH,HIGH_MATCH,dedicated-fpt-kubernetes-engine,"tang-storage-size-cua-nodes","Tăng Storage size của các Nodes",vi,en+ja,vi,865,ja,"increase-storage-size-of-nodes",66
HIGH_MATCH,HIGH_MATCH,dedicated-fpt-kubernetes-engine,"thay-doi-flavor-cau-hinh-nfs","Thay đổi Flavor (cấu hình) NFS Server",vi,en+ja,vi,848,ja,"change-nfs-server-configuration",67
HIGH_MATCH,HIGH_MATCH,dedicated-fpt-kubernetes-engine,"thay-doi-flavor-cau-hinh-nodes","Thay đổi Flavor (cấu hình) Nodes",vi,en+ja,vi,873,ja,"change-nodes-configuration",67
HIGH_MATCH,HIGH_MATCH,dedicated-fpt-kubernetes-engine,"them-nfs-persistent-storage","Thêm NFS Persistent Storage",vi,en+ja,vi,826,ja,"add-nfs-storage",67
HIGH_MATCH,HIGH_MATCH,dedicated-fpt-kubernetes-engine,"truy-cap-thong-tin-chi-tiet-cua-cluster","Truy cập thông tin chi tiết của Cluster",vi,en+ja,vi,2244,ja,"access-clusters-detail-information",67
HIGH_MATCH,HIGH_MATCH,dedicated-fpt-kubernetes-engine,"xem-danh-sach-kubernetes-cluster-da-tao","Xem danh sách Kubernetes Cluster đã tạo",vi,en+ja,vi,465,ja,"list-created-clusters",67
HIGH_MATCH,HIGH_MATCH,dedicated-fpt-kubernetes-engine,"xoa-kubernetes-cluster","Xoa Kubernetes Cluster",vi,en+ja,vi,690,ja,"delete-k8s-cluster",67
LOW_MATCH,LOW_MATCH,file-storage-high-performance,"Sử dụng File Storage - High Performance trên Kubernetes (K8S Cluster)","Sử dụng File Storage - High Performance trên Kubernetes (K8S Cluster)",vi,en+ja,vi,1163,en,"file-storage-high-performance",33
LOW_MATCH,LOW_MATCH,file-storage-high-performance,"japan-su-dung-file-storage-high-performance-tren-baremetal-gpu-server","Sử dụng File Storage - High Performance trên Baremetal (GPU Server)",vi+ja,en,vi,8425,en,"japan-using-file-storage-high-performance-on-baremetal-gpu-server",39
LOW_MATCH,LOW_MATCH,file-storage-high-performance,"region-nhat-ban","Region Nhật Bản",vi+ja,en,vi,1058,en,"file-storage-high-performance",33
LOW_MATCH,LOW_MATCH,file-storage-high-performance,"region-viet-nam","Region Việt Nam",vi+ja,en,vi,1056,en,"file-storage-high-performance",33
MEDIUM_MATCH,MEDIUM_MATCH,fpt-api-management,"quan-ly-rest-apis","Quản lý REST APIs",vi,en+ja,vi,3927,ja,"manage-rest-apis",41
HIGH_MATCH,HIGH_MATCH,fpt-argocd,"cau-hinh-channel-de-thuc-hien-gui-thong-bao","Cấu hình channel để thực hiện gửi thông báo",vi,en+ja,vi,5211,ja,"configure-notification-channels",65
HIGH_MATCH,HIGH_MATCH,fpt-argocd,"cau-hinh-oidc-config","Cấu hình OIDC config",vi,en+ja,vi,946,ja,"configure-oidc-config",67
HIGH_MATCH,HIGH_MATCH,fpt-argocd,"cho-phep-enable-applications-set","Enable ApplicationSet",vi,en+ja,vi,546,ja,"enable-applications-set",67
HIGH_MATCH,HIGH_MATCH,fpt-argocd,"delete-oidc-da-cau-hinh","Xóa cấu hình OIDC",vi,en+ja,vi,772,ja,"delete-oidc-config",67
HIGH_MATCH,HIGH_MATCH,fpt-argocd,"enable-disable-chuc-nang-cau-hinh-oidc","Enable/disable OIDC",vi,en+ja,vi,332,ja,"enable-disable-oidc",68
HIGH_MATCH,HIGH_MATCH,fpt-argocd,"enable-disable-notificaions","Enable/disable notifications",vi,en+ja,vi,399,ja,"enable-disable-notifications",68
HIGH_MATCH,HIGH_MATCH,fpt-argocd,"thuc-hien-cau-hinh-webhook-voi-webhook-secret-da-duoc-tao","Thực hiện cấu hình Webhook với webhook secret đã được tạo",vi,en+ja,vi,1390,ja,"configure-webhook-with-secret",67
HIGH_MATCH,HIGH_MATCH,fpt-argocd,"update-cau-hinh-oidc","Cập nhật cấu hình OIDC",vi,en+ja,vi,560,ja,"update-oidc-config",67
LOW_MATCH,LOW_MATCH,fpt-container-registry,"quan-ly-ket-qua-scan-images","Quản lý kết quả scan image",vi,en+ja,vi,988,ja,"scan-image",26
MEDIUM_MATCH,MEDIUM_MATCH,fpt-container-registry,"scan-image-1","Thực hiện scan image",vi,en+ja,vi,1032,ja,"scan-image",57
MEDIUM_MATCH,MEDIUM_MATCH,iam,"IAM-User-Overview","IAM User overview",vi,en+ja,vi,1129,en,"overview-iam-user",47
MEDIUM_MATCH,MEDIUM_MATCH,iam,"User Group-Overview","User Group overview",vi,en+ja,vi,554,en,"overview-user-group",47
HIGH_MATCH,HIGH_MATCH,iam,"create-ip","Khởi tạo một record IP access mới",vi,en+ja,vi,1058,ja,"create-ip-access",66
MEDIUM_MATCH,MEDIUM_MATCH,iam,"ip-access-overview","IP Access overview",vi+ja,en,vi,812,en,"overview-ip-access",46
MEDIUM_MATCH,MEDIUM_MATCH,managed-fpt-database-engine,"Provision-Database-Engine","Provision Database Engine",vi,en+ja,vi,242,en,"provision-database-engine",49
MEDIUM_MATCH,MEDIUM_MATCH,user-token,"token","Token",vi,en+ja,vi,192,ja,"user-token",50
LOW_MATCH,LOW_MATCH,vpn-site-to-site,"action-management","Quản lý & thao tác VPN Connection",vi,en+ja,vi,1222,en,"vpn-site-to-site",32
LOW_MATCH,LOW_MATCH,vpn-site-to-site,"common-config","Cấu hình thiết bị VPN phổ biến",vi,en+ja,vi,1081,en,"vpn-site-to-site",32
MEDIUM_MATCH,MEDIUM_MATCH,create-vpc,"vpc-の作成","VPC の作成",ja,en+vi,ja,208,vi,"create_vpc",50
LOW_MATCH,LOW_MATCH,create-vpc,"アクティビティログ＆直近タスクステータスの記録_3","Activity logとタスクステータスの確認",ja,en+vi,ja,525,vi,"view-activity-en",38
LOW_MATCH,LOW_MATCH,managed-fpt-kubernetes-engine,"index","Managed FPT Kubernetes Engine",ja,en+vi,ja,850,en,"managed-fpt-kubernetes-engine",25
UNIQUE,UNIQUE,ai-notebook,"about-ai-notebooks","Giới thiệu AI Notebooks",en+vi,ja,vi,1189,,"",
UNIQUE,UNIQUE,ai-notebook,"connect-switch-kernel","Kết nối và chuyển kernel",en+vi,ja,vi,1428,,"",
UNIQUE,UNIQUE,ai-notebook,"create-notebook","Tạo notebook",en+vi,ja,vi,1574,,"",
UNIQUE,UNIQUE,ai-notebook,"faq","Câu hỏi thường gặp",en+vi,ja,vi,1472,,"",
UNIQUE,UNIQUE,ai-notebook,"ai-notebook","AI Notebook",en+vi,ja,vi,1333,,"",
UNIQUE,UNIQUE,ai-notebook,"launch-ai-notebook","Khởi chạy AI Notebook",en+vi,ja,vi,3249,,"",
UNIQUE,UNIQUE,ai-notebook,"quick-start","Hướng dẫn nhanh",en+vi,ja,vi,1853,,"",
UNIQUE,UNIQUE,ai-notebook,"shut-down-kernel","Tắt kernel",en+vi,ja,vi,2149,,"",
UNIQUE,UNIQUE,allow-address-pair,"allow-address-pair","Allow Address Pair",en+vi,ja,vi,621,,"",
UNIQUE,UNIQUE,billing,"billing","Hóa đơn",en+vi,ja,vi,338,,"",
UNIQUE,UNIQUE,budget-alert,"budget-alert","Cảnh báo ngân sách",en+vi,ja,vi,1081,,"",
UNIQUE,UNIQUE,checkpoint-fpt-ngfw,"checkpoint-fpt-ngfw","Checkpoint Fpt Ngfw",en+vi,ja,vi,875,,"",
UNIQUE,UNIQUE,cloud-server,"cloud-server","Tổng quan FPT Cloud Server",en+vi,ja,vi,2274,,"",
UNIQUE,UNIQUE,cost-explorer,"Why-cant-I-watch-Cost-Explore","Cannot view Cost Explorer",en,vi+ja,en,784,,"",
UNIQUE,UNIQUE,cost-explorer,"cost-explorer","Phân tích chi phí",en+vi,ja,vi,553,,"",
UNIQUE,UNIQUE,cost-explorer,"questions-2","Filter Cost Explorer by specific resource",en,vi+ja,en,227,,"",
UNIQUE,UNIQUE,create-vpc,"create-vpc","Khởi tạo VPC",en+vi,ja,vi,1471,,"",
UNIQUE,UNIQUE,create-vpc,"initial-setup-en","Initial Setup En",en,vi+ja,en,826,,"",
UNIQUE,UNIQUE,dedicated-fpt-kubernetes-engine,"best-practice-upgrade-version","FKE cluster バージョンアップグレード ベストプラクティス",en+ja,vi,ja,5067,,"",
UNIQUE,UNIQUE,dedicated-fpt-kubernetes-engine,"changing-cluster-configuration","K8s クラスター構成の変更",en+ja,vi,ja,478,,"",
UNIQUE,UNIQUE,dedicated-fpt-kubernetes-engine,"create-new-k8s-cluster","Create a new Kubernetes cluster",en+ja,vi,en,4228,,"",
UNIQUE,UNIQUE,dedicated-fpt-kubernetes-engine,"faqs","よくある質問",en+ja,vi,ja,2182,,"",
UNIQUE,UNIQUE,dedicated-fpt-kubernetes-engine,"managing-k8s-cluster","Kubernetes クラスターの管理",en+ja,vi,ja,508,,"",
UNIQUE,UNIQUE,dedicated-fpt-kubernetes-engine,"notes-when-using-dfke","FKE 使用時の注意事項",en+ja,vi,ja,3190,,"",
UNIQUE,UNIQUE,dedicated-fpt-kubernetes-engine,"upgrading-k8s-version","K8s バージョンのアップグレード",en+ja,vi,ja,950,,"",
UNIQUE,UNIQUE,end-user-request-resource,"end-user-request-resource","Yêu cầu tài nguyên",en+vi,ja,vi,2273,,"",
UNIQUE,UNIQUE,file-storage-high-performance,"file-storage-high-performance","File Storage High Performance",en+vi,ja,vi,1222,,"",
UNIQUE,UNIQUE,file-storage-high-performance,"japan-region","Japan region",en,vi+ja,en,317,,"",
UNIQUE,UNIQUE,file-storage-high-performance,"mountpoint-management","Mount point management",en,vi+ja,en,4213,,"",
UNIQUE,UNIQUE,file-storage-high-performance,"using-file-storage-high-performance-on-kubernetes-k8s-cluster","Use on Kubernetes cluster",en,vi+ja,en,112,,"",
UNIQUE,UNIQUE,file-storage-high-performance,"vietnam-region","Vietnam region",en,vi+ja,en,325,,"",
UNIQUE,UNIQUE,file-storage-high-performance,"vn-using-file-storage-high-performance-on-baremetal-gpu-server","Create mount point (Vietnam)",en,vi+ja,en,3247,,"",
UNIQUE,UNIQUE,fpt-api-management,"declaring-information","ApiManager Application での情報設定",en+ja,vi,ja,457,,"",
UNIQUE,UNIQUE,fpt-api-management,"fpt-api-management","FPT API Management",en+vi,ja,vi,1088,,"",
UNIQUE,UNIQUE,fpt-app-catalogs,"fpt-app-catalogs","FPT App Catalogs",en,vi+ja,en,117,,"",
UNIQUE,UNIQUE,fpt-app-catalogs,"manage-app-catalogs","App Catalogs の管理",en+ja,vi,ja,362,,"",
UNIQUE,UNIQUE,fpt-app-catalogs,"manage-deployed-applications","デプロイ済みアプリケーションの管理",en+ja,vi,ja,402,,"",
UNIQUE,UNIQUE,fpt-appsec,"fpt-appsec","FPT AppSec",en+vi,ja,en,731,,"",
UNIQUE,UNIQUE,fpt-argocd,"Change-password","Change Password",en,vi+ja,en,595,,"",
UNIQUE,UNIQUE,fpt-argocd,"Configure-Build-Options-for-Kustomize","Configure Build Options For Kustomize",en,vi+ja,en,564,,"",
UNIQUE,UNIQUE,fpt-argocd,"Configure-RBAC-policy","Configure Rbac Policy",en,vi+ja,en,1145,,"",
UNIQUE,UNIQUE,fpt-argocd,"Connect-Kubernetes-Cluster-to-ArgoCD-Instance","Connect Kubernetes Cluster To Argocd Instance",en,vi+ja,en,1922,,"",
UNIQUE,UNIQUE,fpt-argocd,"Create-new-account-on-FPT-Cloud-Portal","Create New Account On Fpt Cloud Portal",en,vi+ja,en,869,,"",
UNIQUE,UNIQUE,fpt-argocd,"Create-new-webhook-secret","Create New Webhook Secret",en,vi+ja,en,674,,"",
UNIQUE,UNIQUE,fpt-argocd,"Delete--webhook-secret","Delete  Webhook Secret",en,vi+ja,en,344,,"",
UNIQUE,UNIQUE,fpt-argocd,"Demo","Demo",en,vi+ja,en,119,,"",
UNIQUE,UNIQUE,fpt-argocd,"Edit-capabilities","Edit Capabilities",en,vi+ja,en,904,,"",
UNIQUE,UNIQUE,fpt-argocd,"Edit-webhook-secret","Edit Webhook Secret",en,vi+ja,en,375,,"",
UNIQUE,UNIQUE,fpt-argocd,"Enable-and-Disable-account","Enable And Disable Account",en,vi+ja,en,293,,"",
UNIQUE,UNIQUE,fpt-argocd,"Getting-Started","Getting Started",en,vi+ja,en,925,,"",
UNIQUE,UNIQUE,fpt-argocd,"Initial-setup","Initial Setup",en+vi,ja,en,975,,"",
UNIQUE,UNIQUE,fpt-argocd,"Instructions-for-configuring-ArgoCD-cluster-to-deploy-applications-with-manifest","Instructions For Configuring Argocd Cluster To Deploy Applications With Manifest",en,vi+ja,en,1534,,"",
UNIQUE,UNIQUE,fpt-argocd,"Instructions-for-login-to-ArgoCD","Instructions For Login To Argocd",en,vi+ja,en,757,,"",
UNIQUE,UNIQUE,fpt-argocd,"Managing-Account-on-ArgoCD","Managing Account On Argocd",en,vi+ja,en,474,,"",
UNIQUE,UNIQUE,fpt-argocd,"Upgrading-argocd-version","Upgrading Argocd Version",en,vi+ja,en,778,,"",
UNIQUE,UNIQUE,fpt-argocd,"View-informations-ArgoCD","View Informations Argocd",en,vi+ja,en,1130,,"",
UNIQUE,UNIQUE,fpt-argocd,"Webhook-configuration","Webhook Configuration",en,vi+ja,en,508,,"",
UNIQUE,UNIQUE,fpt-argocd,"configure-image-updater","Image Updaterの設定",en+ja,vi,ja,435,,"",
UNIQUE,UNIQUE,fpt-argocd,"configure-notifications","Notificationsの設定",en+ja,vi,ja,513,,"",
UNIQUE,UNIQUE,fpt-argocd,"configure-oidc-sso","SSO用のOIDC設定",en+ja,vi,ja,231,,"",
UNIQUE,UNIQUE,fpt-argocd,"configure-webhook","Webhookの設定",en+ja,vi,ja,482,,"",
UNIQUE,UNIQUE,fpt-argocd,"fpt-argocd","FPT ArgoCD",en+vi,ja,vi,387,,"",
UNIQUE,UNIQUE,fpt-argocd,"initial-setup","初期設定",en+ja,vi,ja,841,,"",
UNIQUE,UNIQUE,fpt-argocd,"manage-accounts","ArgoCD上のアカウント管理",en+ja,vi,ja,487,,"",
UNIQUE,UNIQUE,fpt-autoscale,"fpt-autoscale","FPT Autoscale",en+vi,ja,vi,356,,"",
UNIQUE,UNIQUE,fpt-backup-as-a-service,"fpt-backup-as-a-service","Những điều cần lưu ý khi sử dụng Backup as a Service",en+vi,ja,vi,3441,,"",
UNIQUE,UNIQUE,fpt-cloud-desktop,"fpt-cloud-desktop","FPT Cloud Desktop là gì?",en+vi,ja,vi,1509,,"",
UNIQUE,UNIQUE,fpt-cloud-monitoring,"fpt-cloud-monitoring","FPT Cloud Monitoring",en+vi,ja,vi,361,,"",
UNIQUE,UNIQUE,fpt-cloud-portal,"fpt-cloud-portal","FPT Cloud Portal",en+vi,ja,vi,560,,"",
UNIQUE,UNIQUE,fpt-cloud-portal-pay-as-you-gofpt-cloud-portal-pay-as-you-go," choose-the-form-of-PAYG-and-verify-the-phon- number","Chọn hình thức PAYG và xác thực số điện thoại",en+vi,ja,vi,446,,"",
UNIQUE,UNIQUE,fpt-cloud-waf,"Initial Setup","Thiết lập ban đầu",en+vi,ja,vi,976,,"",
UNIQUE,UNIQUE,fpt-cloud-waf,"manage-proxy-host","Proxy hostの管理",en+ja,vi,ja,572,,"",
UNIQUE,UNIQUE,fpt-cloud-waf,"manage-waf-server-with-waf-dashboard","Manage WAF server with WAF Dashboard",en,vi+ja,en,215,,"",
UNIQUE,UNIQUE,fpt-cloud-wapples,"fpt-cloud-wapples","Fpt Cloud Wapples",en+vi,ja,vi,756,,"",
UNIQUE,UNIQUE,fpt-container-registry,"deleting-an-image-or-artifact-in-a-repository","FPT Portal で repository を管理する",en+ja,vi,ja,1453,,"",
UNIQUE,UNIQUE,fpt-container-registry,"docker-cli","FPT Container Registry",en,vi+ja,en,314,,"",
UNIQUE,UNIQUE,fpt-container-registry,"enabling-fpt-container-registry-service","FPT Container Registry サービスを有効化する",en+ja,vi,ja,1253,,"",
UNIQUE,UNIQUE,fpt-container-registry,"initial-setup","Initial Setup",en+ja,vi,en,999,,"",
UNIQUE,UNIQUE,fpt-container-registry,"managing-repositories-on-the-fpt-cloud-portal","FPT Container Registry",en,vi+ja,en,279,,"",
UNIQUE,UNIQUE,fpt-container-registry,"pulling-docker-image-from-fpt-container-registry-to-local","FPT Container Registry から Docker イメージを pull する",en+ja,vi,ja,833,,"",
UNIQUE,UNIQUE,fpt-container-registry,"tagging-and-pushing-images-to-fpt-container-registry","イメージを tag して FPT Container Registry に push する",en+ja,vi,ja,1206,,"",
UNIQUE,UNIQUE,fpt-jenkins-ci,"fpt-jenkins-ci","Fpt Jenkins Ci",en+vi,ja,vi,442,,"",
UNIQUE,UNIQUE,fpt-kafka,"fpt-kafka","FPT Kafka",en+vi,ja,vi,1182,,"",
UNIQUE,UNIQUE,fpt-key-vault,"Auth-Method-Management","Auth Method management",en,vi+ja,en,162,,"",
UNIQUE,UNIQUE,fpt-key-vault,"Create-Auth-Method","Auth Methodを作成する",en+ja,vi,ja,1397,,"",
UNIQUE,UNIQUE,fpt-key-vault,"Create-Policy","Policyを作成する",en+ja,vi,ja,1181,,"",
UNIQUE,UNIQUE,fpt-key-vault,"Create-Role","Roleを作成する",en+ja,vi,ja,1422,,"",
UNIQUE,UNIQUE,fpt-key-vault,"Create-Secret-Engine","Secret Engineを作成する",en+ja,vi,ja,1178,,"",
UNIQUE,UNIQUE,fpt-key-vault,"Create-Secret-in-Secret-Engine","Secret EngineにSecretを作成する",en+ja,vi,ja,1310,,"",
UNIQUE,UNIQUE,fpt-key-vault,"Create-Vault-Instance","Vault Instanceを作成する",en+ja,vi,ja,1054,,"",
UNIQUE,UNIQUE,fpt-key-vault,"Delete-Policy","Policyを削除する",en+ja,vi,ja,924,,"",
UNIQUE,UNIQUE,fpt-key-vault,"Delete-Secret-Engine","Secret Engineを削除する",en+ja,vi,ja,1066,,"",
UNIQUE,UNIQUE,fpt-key-vault,"Delete-Secret","Secretを削除する",en+ja,vi,ja,784,,"",
UNIQUE,UNIQUE,fpt-key-vault,"Initial-Setup","Initial Setup",en,vi+ja,en,981,,"",
UNIQUE,UNIQUE,fpt-key-vault,"Policy-management","Policy management",en,vi+ja,en,164,,"",
UNIQUE,UNIQUE,fpt-key-vault,"Secret-Engine-Management","Secret Engine management",en,vi+ja,en,206,,"",
UNIQUE,UNIQUE,fpt-key-vault,"Secret-management","Secret management",en,vi+ja,en,252,,"",
UNIQUE,UNIQUE,fpt-key-vault,"View-and-Update-Secret-information","Secret情報を表示・更新する",en+ja,vi,ja,928,,"",
UNIQUE,UNIQUE,fpt-kubernetes-engine-with-gpu,"fpt-kubernetes-engine-with-gpu","Fpt Kubernetes Engine With Gpu",en+vi,ja,vi,3940,,"",
UNIQUE,UNIQUE,fpt-message-bus,"Create-queues","Create Queues",en,vi+ja,en,847,,"",
UNIQUE,UNIQUE,fpt-message-bus,"Delete-queues","Delete Queues",en,vi+ja,en,415,,"",
UNIQUE,UNIQUE,fpt-message-bus,"Manage-Queues","Manage Queues",en,vi+ja,en,268,,"",
UNIQUE,UNIQUE,fpt-message-bus,"Manage-topics","Manage Topics",en,vi+ja,en,320,,"",
UNIQUE,UNIQUE,fpt-message-bus,"Send-Receive-messages-in-queues","Send and receive messages in queues",en,vi+ja,en,871,,"",
UNIQUE,UNIQUE,fpt-message-bus,"View-queues","View Queues",en,vi+ja,en,501,,"",
UNIQUE,UNIQUE,fpt-message-bus,"fpt-message-bus","FPT Message Bus",en,vi+ja,en,124,,"",
UNIQUE,UNIQUE,fpt-object-storage,"fpt-object-storage","FPT Object Storage",en,vi+ja,en,112,,"",
UNIQUE,UNIQUE,fpt-object-storage,"tutorials-access-key-management","Access key management",en,vi+ja,en,3001,,"",
UNIQUE,UNIQUE,fpt-object-storage,"tutorials-bucket-config","A. Tạo Lifecycle Rule mới",en+vi,ja,vi,12543,,"",
UNIQUE,UNIQUE,fpt-object-storage,"tutorials-bucket","Create a bucket",en+vi,ja,en,3618,,"",
UNIQUE,UNIQUE,fpt-object-storage,"tutorials-object","Quản lý object",en+vi,ja,vi,4191,,"",
UNIQUE,UNIQUE,fpt-object-storage,"tutorials-permissions","Edit object permissions (ACL)",en+vi,ja,en,5465,,"",
UNIQUE,UNIQUE,fpt-object-storage,"tutorials-subuser-management","Subuser management",en,vi+ja,en,2838,,"",
UNIQUE,UNIQUE,fpt-object-storage,"tutorials-using-object-storage-on-fpt-portal","Use Object Storage on FPT Portal",en,vi+ja,en,306,,"",
UNIQUE,UNIQUE,gateway,"gateway","Gateway",en+vi,ja,vi,409,,"",
UNIQUE,UNIQUE,global-search,"global-search-usage","グローバル検索の使い方",en+ja,vi,ja,3378,,"",
UNIQUE,UNIQUE,gpu-container,"gpu-container","GPU Container",en+vi,ja,vi,613,,"",
UNIQUE,UNIQUE,gpu-virtual-machine-en,"access-to-servers","Access To Servers",en+vi,ja,vi,3711,,"",
UNIQUE,UNIQUE,gpu-virtual-machine-en,"block-storage","Block Storage",en+vi,ja,vi,9039,,"",
UNIQUE,UNIQUE,gpu-virtual-machine-en,"create-a-gpu-vm","Create A Gpu Vm",en+vi,ja,vi,5915,,"",
UNIQUE,UNIQUE,gpu-virtual-machine-en,"create-a-security-group","Create A Security Group",en+vi,ja,vi,7127,,"",
UNIQUE,UNIQUE,gpu-virtual-machine-en,"create-a-snapshot","Create A Snapshot",en+vi,ja,vi,2669,,"",
UNIQUE,UNIQUE,gpu-virtual-machine-en,"create-a-subnet","Create A Subnet",en+vi,ja,vi,2637,,"",
UNIQUE,UNIQUE,gpu-virtual-machine-en,"custom-images","Custom Images",en+vi,ja,vi,1265,,"",
UNIQUE,UNIQUE,gpu-virtual-machine-en,"faq","Faq",en+vi,ja,vi,4642,,"",
UNIQUE,UNIQUE,gpu-virtual-machine-en,"floating-ip","Floating Ip",en+vi,ja,vi,5259,,"",
UNIQUE,UNIQUE,gpu-virtual-machine-en,"fpt_images","Fpt_Images",en+vi,ja,vi,1089,,"",
UNIQUE,UNIQUE,gpu-virtual-machine-en,"gpu-virtual-machine-en","GPU Virtual Machine",en+vi,ja,vi,166,,"",
UNIQUE,UNIQUE,gpu-virtual-machine-en,"manage-gpu-vms","Manage Gpu Vms",en+vi,ja,vi,3111,,"",
UNIQUE,UNIQUE,gpu-virtual-machine-en,"monitor-gpu-vms","Monitor Gpu Vms",en+vi,ja,vi,1276,,"",
UNIQUE,UNIQUE,gpu-virtual-machine-en,"overview","Overview",en+vi,ja,vi,2531,,"",
UNIQUE,UNIQUE,gpu-virtual-machine-en,"pfsense-network-gateway","Pfsense Network Gateway",en+vi,ja,vi,6182,,"",
UNIQUE,UNIQUE,gpu-virtual-machine-en,"quick-start","Quick Start",en+vi,ja,vi,3435,,"",
UNIQUE,UNIQUE,huong-dan-su-dung-grafana,"huong-dan-su-dung-grafana","Hướng dẫn sử dụng Grafana",en+vi,ja,vi,757,,"",
UNIQUE,UNIQUE,iam,"Create an account and access the invited VPC","Create An Account And Access The Invited Vpc",en,vi+ja,en,661,,"",
UNIQUE,UNIQUE,iam,"Create-a-Role-and-Assign-Permissions-to-the-Role","Create A Role And Assign Permissions To The Role",en,vi+ja,en,2364,,"",
UNIQUE,UNIQUE,iam,"Delete IP access record.","Delete Ip Access Record.",en,vi+ja,en,409,,"",
UNIQUE,UNIQUE,iam,"Initial Setup","Thiết lập ban đầu",en+vi,ja,vi,920,,"",
UNIQUE,UNIQUE,iam,"Invite new IAM users","Invite New Iam Users",en,vi+ja,en,1095,,"",
UNIQUE,UNIQUE,iam,"Manage IAM Users","IAM",en,vi+ja,en,500,,"",
UNIQUE,UNIQUE,iam,"Role-Overview","Role overview",en+vi,ja,vi,491,,"",
UNIQUE,UNIQUE,iam,"initial-setup","初期設定",en+ja,vi,ja,938,,"",
UNIQUE,UNIQUE,iam,"manage-user-groups","User Group management",en,vi+ja,en,572,,"",
UNIQUE,UNIQUE,iam,"role-overview","Role概要",en+ja,vi,ja,527,,"",
UNIQUE,UNIQUE,incident-management,"configure-incident-settings","Settings の設定",en+ja,vi,ja,302,,"",
UNIQUE,UNIQUE,incident-management,"create-incident","インシデントの作成",en+ja,vi,ja,1696,,"",
UNIQUE,UNIQUE,incident-management,"incident-management-overview","Incident Management",en,vi+ja,en,592,,"",
UNIQUE,UNIQUE,incident-management,"manage-incidents","インシデントの管理",en+ja,vi,ja,585,,"",
UNIQUE,UNIQUE,load-balancer,"add-external-member","ロードバランサーへの外部メンバーの追加",en+ja,vi,ja,1407,,"",
UNIQUE,UNIQUE,load-balancer,"allow-ip-cidr","許可 IP/CIDR の設定",en+ja,vi,ja,2035,,"",
UNIQUE,UNIQUE,load-balancer,"configure-health-check","ヘルスチェックの設定",en+ja,vi,ja,2318,,"",
UNIQUE,UNIQUE,load-balancer,"configure-sni","ロードバランサーでの SNI の設定",en+ja,vi,ja,4429,,"",
UNIQUE,UNIQUE,load-balancer,"configure-timeout","タイムアウトの設定",en+ja,vi,ja,932,,"",
UNIQUE,UNIQUE,load-balancer,"create-listener","リスナーの作成・更新・削除",en+ja,vi,ja,3322,,"",
UNIQUE,UNIQUE,load-balancer,"create-load-balancer","ロードバランサーの作成",en+ja,vi,ja,5424,,"",
UNIQUE,UNIQUE,load-balancer,"create-server-pool","サーバープールの作成",en+ja,vi,ja,3842,,"",
UNIQUE,UNIQUE,load-balancer,"enable-hsts","HTTPS リスナーでの HSTS の有効化",en+ja,vi,ja,1595,,"",
UNIQUE,UNIQUE,load-balancer,"import-ssl-certificate","SSL 証明書のインポート",en+ja,vi,ja,608,,"",
UNIQUE,UNIQUE,load-balancer,"initial-setup","初期設定",en+ja,vi,ja,2298,,"",
UNIQUE,UNIQUE,load-balancer,"monitor-load-balancer","ロードバランサーの監視グラフ",en+ja,vi,ja,1579,,"",
UNIQUE,UNIQUE,load-balancer,"redirect-http-to-https","HTTP リクエストの HTTPS へのリダイレクト",en+ja,vi,ja,1272,,"",
UNIQUE,UNIQUE,load-balancer,"update-load-balancer","ロードバランサーの更新",en+ja,vi,ja,846,,"",
UNIQUE,UNIQUE,managed-fpt-database-engine,"Initial-setup","Initial setup",en+vi,ja,en,1578,,"",
UNIQUE,UNIQUE,managed-fpt-database-engine,"Version-List","Version list",en,vi+ja,en,3693,,"",
UNIQUE,UNIQUE,managed-fpt-database-engine,"access-console","Access Console",en,vi+ja,en,1649,,"",
UNIQUE,UNIQUE,managed-fpt-database-engine,"active-db-service","Activate database service",en,vi+ja,en,848,,"",
UNIQUE,UNIQUE,managed-fpt-database-engine,"backup-job-mgmt","Backup job management",en,vi+ja,en,4529,,"",
UNIQUE,UNIQUE,managed-fpt-database-engine,"backup-mgmt","Backup management",en,vi+ja,en,4547,,"",
UNIQUE,UNIQUE,managed-fpt-database-engine,"backup-restore","Backup and restore",en,vi+ja,en,3439,,"",
UNIQUE,UNIQUE,managed-fpt-database-engine,"benchmark-sysbench","Benchmark with Sysbench",en,vi+ja,en,4535,,"",
UNIQUE,UNIQUE,managed-fpt-database-engine,"clickhouse-use-ha","ClickHouse high availability",en,vi+ja,en,1537,,"",
UNIQUE,UNIQUE,managed-fpt-database-engine,"create-backup-service","バックアップサービスの作成",en+ja,vi,ja,2475,,"",
UNIQUE,UNIQUE,managed-fpt-database-engine,"create-database-engine","Database Engine の作成",en+ja,vi,ja,1152,,"",
UNIQUE,UNIQUE,managed-fpt-database-engine,"create-db","Create a database",en,vi+ja,en,10890,,"",
UNIQUE,UNIQUE,managed-fpt-database-engine,"database-engine-version","Database Engine versions",en,vi+ja,en,722,,"",
UNIQUE,UNIQUE,managed-fpt-database-engine,"database-feature-permissions","Database 機能の権限設定",en+ja,vi,ja,297,,"",
UNIQUE,UNIQUE,managed-fpt-database-engine,"db-connect","Connect to a database",en,vi+ja,en,9857,,"",
UNIQUE,UNIQUE,managed-fpt-database-engine,"db-engine-service","Database Engine service overview",en,vi+ja,en,1194,,"",
UNIQUE,UNIQUE,managed-fpt-database-engine,"db-manage-operate","Db Manage Operate",en,vi+ja,en,2004,,"",
UNIQUE,UNIQUE,managed-fpt-database-engine,"db-operation","Db Operation",en,vi+ja,en,2419,,"",
UNIQUE,UNIQUE,managed-fpt-database-engine,"db-proxy","DB Proxy overview",en+ja,vi,en,6413,,"",
UNIQUE,UNIQUE,managed-fpt-database-engine,"db-view-detail","Db View Detail",en,vi+ja,en,3218,,"",
UNIQUE,UNIQUE,managed-fpt-database-engine,"deactive-db-service","Deactivate database service",en,vi+ja,en,833,,"",
UNIQUE,UNIQUE,managed-fpt-database-engine,"deployment-model","Deployment Model",en,vi+ja,en,1772,,"",
UNIQUE,UNIQUE,managed-fpt-database-engine,"fde-glossary","Fde Glossary",en,vi+ja,en,4845,,"",
UNIQUE,UNIQUE,managed-fpt-database-engine,"iam","Iam",en,vi+ja,en,4924,,"",
UNIQUE,UNIQUE,managed-fpt-database-engine,"kafka-user","Kafka User",en,vi+ja,en,5681,,"",
UNIQUE,UNIQUE,managed-fpt-database-engine,"logs","Logs",en,vi+ja,en,1164,,"",
UNIQUE,UNIQUE,managed-fpt-database-engine,"maintenance-window","Maintenance Window",en,vi+ja,en,3662,,"",
UNIQUE,UNIQUE,managed-fpt-database-engine,"maintenance","Maintenance",en,vi+ja,en,3145,,"",
UNIQUE,UNIQUE,managed-fpt-database-engine,"manage-backups","バックアップの管理",en+ja,vi,ja,383,,"",
UNIQUE,UNIQUE,managed-fpt-database-engine,"manage-configuration","Configuration の管理",en+ja,vi,ja,1245,,"",
UNIQUE,UNIQUE,managed-fpt-database-engine,"manage-database-engine","Database Engine の管理",en+ja,vi,ja,1250,,"",
UNIQUE,UNIQUE,managed-fpt-database-engine,"manage-event-logs","イベントログの管理",en+ja,vi,ja,490,,"",
UNIQUE,UNIQUE,managed-fpt-database-engine,"manage-resources","リソースの管理",en+ja,vi,ja,798,,"",
UNIQUE,UNIQUE,managed-fpt-database-engine,"monitoring","Monitoring",en,vi+ja,en,4400,,"",
UNIQUE,UNIQUE,managed-fpt-database-engine,"mysql-troubleshooting","Mysql Troubleshooting",en,vi+ja,en,13194,,"",
UNIQUE,UNIQUE,managed-fpt-database-engine,"network-connectivity","Network Connectivity",en,vi+ja,en,2495,,"",
UNIQUE,UNIQUE,managed-fpt-database-engine,"notification","Notification",en,vi+ja,en,6387,,"",
UNIQUE,UNIQUE,managed-fpt-database-engine,"on-off-pitr","On Off Pitr",en,vi+ja,en,2598,,"",
UNIQUE,UNIQUE,managed-fpt-database-engine,"param","Param",en,vi+ja,en,3012,,"",
UNIQUE,UNIQUE,managed-fpt-database-engine,"process-monitoring","プロセスモニタリングの管理",en+ja,vi,ja,400,,"",
UNIQUE,UNIQUE,managed-fpt-database-engine,"provision-database-engine","Database Engine のプロビジョニング",en+ja,vi,ja,276,,"",
UNIQUE,UNIQUE,managed-fpt-database-engine,"push-s3","Push S3",en,vi+ja,en,5001,,"",
UNIQUE,UNIQUE,managed-fpt-database-engine,"register-account","Register Account",en,vi+ja,en,1934,,"",
UNIQUE,UNIQUE,managed-fpt-database-engine,"report-export","Report Export",en,vi+ja,en,6043,,"",
UNIQUE,UNIQUE,managed-fpt-database-engine,"report-schedule","Report Schedule",en,vi+ja,en,7321,,"",
UNIQUE,UNIQUE,managed-fpt-database-engine,"report","Report",en,vi+ja,en,361,,"",
UNIQUE,UNIQUE,managed-fpt-database-engine,"resource","Resource",en,vi+ja,en,4498,,"",
UNIQUE,UNIQUE,managed-fpt-database-engine,"restore-db","Restore Db",en,vi+ja,en,3928,,"",
UNIQUE,UNIQUE,managed-fpt-database-engine,"role","Role",en,vi+ja,en,5444,,"",
UNIQUE,UNIQUE,managed-fpt-database-engine,"subnet","Subnets",en,vi+ja,en,4661,,"",
UNIQUE,UNIQUE,managed-fpt-database-engine,"update-delete-backup-job","バックアップジョブの更新と削除",en+ja,vi,ja,722,,"",
UNIQUE,UNIQUE,managed-fpt-database-engine,"update-delete-backup-service","バックアップサービスの更新と削除",en+ja,vi,ja,842,,"",
UNIQUE,UNIQUE,managed-fpt-database-engine,"upgrade-version","Upgrade Version",en,vi+ja,en,2455,,"",
UNIQUE,UNIQUE,managed-fpt-database-engine,"user-group","User Group",en,vi+ja,en,3450,,"",
UNIQUE,UNIQUE,managed-fpt-database-engine,"version-policy","Version Policy",en,vi+ja,en,3393,,"",
UNIQUE,UNIQUE,managed-fpt-database-engine,"vertical-scaling","Vertical Scaling",en,vi+ja,en,7489,,"",
UNIQUE,UNIQUE,managed-fpt-database-engine,"view-db-list","View Db List",en,vi+ja,en,3049,,"",
UNIQUE,UNIQUE,managed-fpt-kubernetes-engine,"access-clusters-detail-information","Access cluster detail information",en,vi+ja,en,890,,"",
UNIQUE,UNIQUE,managed-fpt-kubernetes-engine,"add-worker-group","Add a worker group",en,vi+ja,en,1387,,"",
UNIQUE,UNIQUE,managed-fpt-kubernetes-engine,"addding-gpu-worker-group","GPU Worker Group の追加",en+ja,vi,ja,1542,,"",
UNIQUE,UNIQUE,managed-fpt-kubernetes-engine,"change-worker-groups-configuration","Change worker group configuration",en,vi+ja,en,981,,"",
UNIQUE,UNIQUE,managed-fpt-kubernetes-engine,"changing-clusters-configuration","Change cluster configuration",en,vi+ja,en,406,,"",
UNIQUE,UNIQUE,managed-fpt-kubernetes-engine,"container-level-auto-scaling","コンテナレベルの自動スケーリング",en+ja,vi,ja,1930,,"",
UNIQUE,UNIQUE,managed-fpt-kubernetes-engine,"create-new-k8s-cluster","Create a new Kubernetes cluster",en,vi+ja,en,2575,,"",
UNIQUE,UNIQUE,managed-fpt-kubernetes-engine,"delete-k8s-cluster","Delete a Kubernetes cluster",en,vi+ja,en,511,,"",
UNIQUE,UNIQUE,managed-fpt-kubernetes-engine,"deploy-application-in-worker-pool","Deploy application in worker pool",en,vi+ja,en,2618,,"",
UNIQUE,UNIQUE,managed-fpt-kubernetes-engine,"deploy-application-with-gpu-on-k8s","Deploy application with GPU on Kubernetes",en+ja,vi,en,4824,,"",
UNIQUE,UNIQUE,managed-fpt-kubernetes-engine,"disable-cluster-autoscale","Cluster Autoscale の無効化",en+ja,vi,ja,891,,"",
UNIQUE,UNIQUE,managed-fpt-kubernetes-engine,"enable-cluster-autoscale","Cluster Autoscale の有効化",en+ja,vi,ja,883,,"",
UNIQUE,UNIQUE,managed-fpt-kubernetes-engine,"faqs-mfke","FAQs",en,vi+ja,en,1842,,"",
UNIQUE,UNIQUE,managed-fpt-kubernetes-engine,"get-cluster-access-information","Get cluster access information",en,vi+ja,en,613,,"",
UNIQUE,UNIQUE,managed-fpt-kubernetes-engine,"gpu-fpt-cloud-k8s","GPU service on FPT Kubernetes Engine",en,vi+ja,en,5524,,"",
UNIQUE,UNIQUE,managed-fpt-kubernetes-engine,"gpu-fpt-cloud","GPU on FPT Cloud",en,vi+ja,en,305,,"",
UNIQUE,UNIQUE,managed-fpt-kubernetes-engine,"how-to-use-gpu-in-kubernetes","Kubernetes での GPU の使用方法",en+ja,vi,ja,2460,,"",
UNIQUE,UNIQUE,managed-fpt-kubernetes-engine,"managed-fpt-kubernetes-engine","Managed FPT Kubernetes Engine",en+vi,ja,vi,1415,,"",
UNIQUE,UNIQUE,managed-fpt-kubernetes-engine,"initial-setup","Initial setup",en,vi+ja,en,2284,,"",
UNIQUE,UNIQUE,managed-fpt-kubernetes-engine,"list-created-cluster","Xem danh sách Kubernetes Cluster đã tạo",en+vi,ja,vi,510,,"",
UNIQUE,UNIQUE,managed-fpt-kubernetes-engine,"load-balancer-services","Load Balancer サービス",en+ja,vi,ja,3662,,"",
UNIQUE,UNIQUE,managed-fpt-kubernetes-engine,"managing-k8s-cluster","Managing Kubernetes clusters",en,vi+ja,en,304,,"",
UNIQUE,UNIQUE,managed-fpt-kubernetes-engine,"modify-cluster-autoscale-configuration","Cluster Autoscale 構成の変更",en+ja,vi,ja,754,,"",
UNIQUE,UNIQUE,managed-fpt-kubernetes-engine,"node-level-auto-scaling","ノードレベルの自動スケーリング",en+ja,vi,ja,1028,,"",
UNIQUE,UNIQUE,managed-fpt-kubernetes-engine,"notes-when-using-mfke","Notes when using MFKE",en,vi+ja,en,2073,,"",
UNIQUE,UNIQUE,managed-fpt-kubernetes-engine,"setting-up-gpu-telemetry","GPU テレメトリーの設定",en+ja,vi,ja,3008,,"",
UNIQUE,UNIQUE,managed-fpt-kubernetes-engine,"setup-k8s-cluster-for-gpu-usage","GPU 用 K8s クラスターのセットアップ",en+ja,vi,ja,1427,,"",
UNIQUE,UNIQUE,managed-fpt-kubernetes-engine,"upgrade-k8s-version","Upgrade Kubernetes version",en,vi+ja,en,695,,"",
UNIQUE,UNIQUE,managed-fpt-kubernetes-engine,"what-is-gpu","What is GPU",en,vi+ja,en,1526,,"",
UNIQUE,UNIQUE,managed-fpt-kubernetes-engine,"why-you-should-use-gpu-in-cloud","Why use GPU on cloud",en,vi+ja,en,1286,,"",
UNIQUE,UNIQUE,managed-fpt-kubernetes-engine,"why-you-should-use-gpu-in-k8s","Why use GPU on Kubernetes",en,vi+ja,en,2123,,"",
UNIQUE,UNIQUE,managed-gpu-cluster-kubernetes-ja,"managed-gpu-cluster-kubernetes-ja","Managed GPU Cluster (Kubernetes)",en+vi,ja,vi,1967,,"",
UNIQUE,UNIQUE,metal-cloud-ja,"metal-cloud-ja","Metal Cloud",en+vi,ja,vi,410,,"",
UNIQUE,UNIQUE,model-fine-tuning,"about-jaist","About Jaist",en+vi,ja,vi,1264,,"",
UNIQUE,UNIQUE,model-fine-tuning,"business-impact","Business Impact",en+vi,ja,vi,1831,,"",
UNIQUE,UNIQUE,model-fine-tuning,"cancel-pipeline","Cancel Pipeline",en+vi,ja,vi,424,,"",
UNIQUE,UNIQUE,model-fine-tuning,"challenges","Challenges",en+vi,ja,vi,699,,"",
UNIQUE,UNIQUE,model-fine-tuning,"delete-pipeline","Delete Pipeline",en+vi,ja,vi,543,,"",
UNIQUE,UNIQUE,model-fine-tuning,"edit-pipeline","Edit Pipeline",en+vi,ja,vi,195,,"",
UNIQUE,UNIQUE,model-fine-tuning,"execution-details","Execution Details",en+vi,ja,vi,617,,"",
UNIQUE,UNIQUE,model-fine-tuning,"execution-history","Execution History",en+vi,ja,vi,421,,"",
UNIQUE,UNIQUE,model-fine-tuning,"faq","Faq",en+vi,ja,vi,2458,,"",
UNIQUE,UNIQUE,model-fine-tuning,"fine-tune-the-gemma-3-27B-instruct-model-for-financial-tasks","Fine Tune The Gemma 3 27B Instruct Model For Financial Tasks",en+vi,ja,en,1673,,"",
UNIQUE,UNIQUE,model-fine-tuning,"finish","Finish",en+vi,ja,vi,630,,"",
UNIQUE,UNIQUE,model-fine-tuning,"fpt-ai-factory-solution","Fpt Ai Factory Solution",en+vi,ja,vi,2959,,"",
UNIQUE,UNIQUE,model-fine-tuning,"how-to-create-pipeline","How To Create Pipeline",en+vi,ja,vi,1762,,"",
UNIQUE,UNIQUE,model-fine-tuning,"how-to-manage-pipeline","How To Manage Pipeline",en+vi,ja,vi,213,,"",
UNIQUE,UNIQUE,model-fine-tuning,"how-to-monitor-and-evaluate","How To Monitor And Evaluate",en+vi,ja,vi,710,,"",
UNIQUE,UNIQUE,model-fine-tuning,"model-fine-tuning","Model Fine-Tuning",en+vi,ja,vi,172,,"",
UNIQUE,UNIQUE,model-fine-tuning,"jaist-accelerates-japanese-llm-development-with-fpt-ai-factory","Model Fine-Tuning",en+vi,ja,en,620,,"",
UNIQUE,UNIQUE,model-fine-tuning,"logs","Logs",en+vi,ja,vi,692,,"",
UNIQUE,UNIQUE,model-fine-tuning,"model-metrics","Model Metrics",en+vi,ja,vi,2824,,"",
UNIQUE,UNIQUE,model-fine-tuning,"overview","Model Fine-Tuning",en+vi,ja,en,510,,"",
UNIQUE,UNIQUE,model-fine-tuning,"quick-start","Model Fine-Tuning",en+vi,ja,en,516,,"",
UNIQUE,UNIQUE,model-fine-tuning,"select-base-model","Select Base Model",en+vi,ja,en,5355,,"",
UNIQUE,UNIQUE,model-fine-tuning,"select-dataset-format","Select Dataset Format",en+vi,ja,en,31928,,"",
UNIQUE,UNIQUE,model-fine-tuning,"select-dataset","Select Dataset",en+vi,ja,en,3125,,"",
UNIQUE,UNIQUE,model-fine-tuning,"select-trainer","Select Trainer",en+vi,ja,vi,1918,,"",
UNIQUE,UNIQUE,model-fine-tuning,"select-volume","Select Volume",en+vi,ja,vi,772,,"",
UNIQUE,UNIQUE,model-fine-tuning,"set-up-hyperparameters","Set Up Hyperparameters",en+vi,ja,vi,6819,,"",
UNIQUE,UNIQUE,model-fine-tuning,"set-up-infrastructure","Set Up Infrastructure",en+vi,ja,vi,1857,,"",
UNIQUE,UNIQUE,model-fine-tuning,"sign-up-for-an-account","Sign Up For An Account",en+vi,ja,vi,2612,,"",
UNIQUE,UNIQUE,model-fine-tuning,"step-by-step","Step By Step",en+vi,ja,vi,1939,,"",
UNIQUE,UNIQUE,model-fine-tuning,"summary","Summary",en+vi,ja,vi,1371,,"",
UNIQUE,UNIQUE,model-fine-tuning,"system-metrics","System Metrics",en+vi,ja,vi,2414,,"",
UNIQUE,UNIQUE,model-fine-tuning,"what-is-model-fine-tuning","What Is Model Fine Tuning",en+vi,ja,vi,1531,,"",
UNIQUE,UNIQUE,model-fine-tuning,"when-to-use-model-fine-tuning","When To Use Model Fine Tuning",en+vi,ja,vi,873,,"",
UNIQUE,UNIQUE,model-hub,"Edit-version","バージョンの編集",en+ja,vi,ja,898,,"",
UNIQUE,UNIQUE,model-hub,"create-a-model","model の作成",en+ja,vi,ja,3093,,"",
UNIQUE,UNIQUE,model-hub,"create-version","バージョンの作成",en+ja,vi,ja,1287,,"",
UNIQUE,UNIQUE,model-hub,"delete-a-model","model の削除",en+ja,vi,ja,1391,,"",
UNIQUE,UNIQUE,model-hub,"download-files","ファイルのダウンロード",en+ja,vi,ja,1415,,"",
UNIQUE,UNIQUE,model-hub,"edit-a-model","model の編集",en+ja,vi,ja,1721,,"",
UNIQUE,UNIQUE,model-hub,"how-does-it-work","仕組み",en+ja,vi,ja,1036,,"",
UNIQUE,UNIQUE,model-hub,"how-to-create-model-version","model バージョンの作成",en+ja,vi,ja,390,,"",
UNIQUE,UNIQUE,model-hub,"how-to-share-a-model","model の共有",en+ja,vi,ja,367,,"",
UNIQUE,UNIQUE,model-hub,"how-to-upload-download-files-by-sdk","SDK によるファイルのアップロードとダウンロード",en+ja,vi,ja,416,,"",
UNIQUE,UNIQUE,model-hub,"how-to-use-model-catalog","Model Catalog の使用",en+ja,vi,ja,1499,,"",
UNIQUE,UNIQUE,model-hub,"how-to-use-model-from-other-sources-like-hugging-face","他のソースからの model の使用",en+ja,vi,ja,1926,,"",
UNIQUE,UNIQUE,model-hub,"overview","概要",en+ja,vi,ja,336,,"",
UNIQUE,UNIQUE,model-hub,"sign-up-for-an-account","アカウントの登録",en+ja,vi,ja,2637,,"",
UNIQUE,UNIQUE,model-hub,"start-using-services","サービスの利用開始",en+ja,vi,ja,370,,"",
UNIQUE,UNIQUE,model-hub,"top-up-balance","残高のチャージ",en+ja,vi,ja,151,,"",
UNIQUE,UNIQUE,model-hub,"upload-files","ファイルのアップロード",en+ja,vi,ja,1410,,"",
UNIQUE,UNIQUE,model-hub,"view-list-model-2","model 一覧の表示",en+ja,vi,ja,1625,,"",
UNIQUE,UNIQUE,model-hub,"view-model-details","model 詳細の表示",en+ja,vi,ja,2802,,"",
UNIQUE,UNIQUE,model-hub,"what-is-model-hub","Model Hub とは",en+ja,vi,ja,321,,"",
UNIQUE,UNIQUE,model-hub,"why-model-hub","Model Hub を使う理由",en+ja,vi,ja,1877,,"",
UNIQUE,UNIQUE,model-testing-interactive-sessions,"model-testing-interactive-sessions","Model Testing – Interactive Sessions",en+vi,ja,vi,187,,"",
UNIQUE,UNIQUE,nat_instance,"nat_instance","NAT Instance",en+vi,ja,vi,257,,"",
UNIQUE,UNIQUE,notification-bell,"notification-bell","Notification Bell",en+vi,ja,vi,357,,"",
UNIQUE,UNIQUE,policy-management,"overview-policy","Giới thiệu",en+vi,ja,vi,584,,"",
UNIQUE,UNIQUE,relation-management,"relation-management","Relation Management",en+vi,ja,vi,363,,"",
UNIQUE,UNIQUE,reporting,"reporting","Reporting",en+vi,ja,vi,361,,"",
UNIQUE,UNIQUE,sso-single-sign-on,"sso-single-sign-on","SSO (Single Sign-On)",en+vi,ja,vi,243,,"",
UNIQUE,UNIQUE,terraform,"terraform","Terraform",en+vi,ja,vi,771,,"",
UNIQUE,UNIQUE,trellix-customer-guide,"Create Agent Installation Package","Trellix Customer Guide",en,vi+ja,en,510,,"",
UNIQUE,UNIQUE,user-token,"how-to-create-an-user-token","ユーザートークンの作成方法",en+ja,vi,ja,2105,,"",
UNIQUE,UNIQUE,user-token,"quick-start","クイックスタート",en+ja,vi,ja,1180,,"",
UNIQUE,UNIQUE,vpn-site-to-site,"Authenticate-Certificate mode-1","Authenticate certificate mode",en,vi+ja,en,171,,"",
UNIQUE,UNIQUE,vpn-site-to-site,"VPN-Activity","Xem Activity log VPN",en+vi,ja,vi,317,,"",
UNIQUE,UNIQUE,vpn-site-to-site,"VPN-Site-to-Site-Configuration-between-FCI-and-AWS-(Virtual-private-gateways)-guide","VPN Site-to-Site configuration between FCI and AWS (Virtual Private Gateways)",en,vi+ja,en,224,,"",
UNIQUE,UNIQUE,vpn-site-to-site,"VPN-Site-to-Site-Configuration-between-FCI-and-AWS-(transit-gateway)-guide","VPN Site-to-Site configuration between FCI and AWS (Transit Gateway)",en,vi+ja,en,206,,"",
UNIQUE,UNIQUE,vpn-site-to-site,"VPN-Site-to-Site-Configuration-with-Fortigate-guide","Cấu hình VPN Site-to-Site với Fortigate",en+vi,ja,vi,5474,,"",
UNIQUE,UNIQUE,vpn-site-to-site,"VPN-Site-to-Site-Configuration-with-Palo-Alto-guide","Cấu hình VPN Site-to-Site với Palo Alto",en+vi,ja,vi,5882,,"",
UNIQUE,UNIQUE,vpn-site-to-site,"common-vpn-device-configuration","Common VPN device configuration",en,vi+ja,en,128,,"",
UNIQUE,UNIQUE,vpn-site-to-site,"create-a-vpn-connection","Create a VPN connection",en,vi+ja,en,1760,,"",
UNIQUE,UNIQUE,vpn-site-to-site,"create-customer-gateway","Hướng dẫn tạo Customer gateway",en+vi,ja,vi,1046,,"",
UNIQUE,UNIQUE,vpn-site-to-site,"create-vpn","Create VPN Site-to-Site",en+vi,ja,en,1764,,"",
UNIQUE,UNIQUE,vpn-site-to-site,"delete-customer-gateway","Hướng dẫn xoá Customer gateway",en+vi,ja,vi,657,,"",
UNIQUE,UNIQUE,vpn-site-to-site,"delete-vpn-connection","Hướng dẫn xóa VPN Connection",en+vi,ja,vi,473,,"",
UNIQUE,UNIQUE,vpn-site-to-site,"delete-vpn","Xóa VPN Site-to-Site",en+vi,ja,vi,480,,"",
UNIQUE,UNIQUE,vpn-site-to-site,"disable-VPN-Site-to-Site","Disable VPN Site-to-Site",en+vi,ja,en,739,,"",
UNIQUE,UNIQUE,vpn-site-to-site,"download-config-","Download VPN configuration",en+vi,ja,en,321,,"",
UNIQUE,UNIQUE,vpn-site-to-site,"edit-customer-gateway","Hướng dẫn chỉnh sửa Customer gateway",en+vi,ja,vi,1397,,"",
UNIQUE,UNIQUE,vpn-site-to-site,"edit-security-profile","Chỉnh sửa Security Profile",en+vi,ja,vi,506,,"",
UNIQUE,UNIQUE,vpn-site-to-site,"edit-vpn-connection","Hướng dẫn chỉnh sửa VPN Connection",en+vi,ja,vi,7450,,"",
UNIQUE,UNIQUE,vpn-site-to-site,"edit-vpn","Chỉnh sửa thông tin VPN",en+vi,ja,vi,676,,"",
UNIQUE,UNIQUE,vpn-site-to-site,"enable-disable-vpn-connection","Hướng dẫn enable/disable VPN Connection",en+vi,ja,vi,1644,,"",
UNIQUE,UNIQUE,vpn-site-to-site,"enable-vpn-s2S","Enable VPN Site-to-Site",en+vi,ja,en,755,,"",
UNIQUE,UNIQUE,vpn-site-to-site,"frequently-asked-question","Frequently asked questions",en,vi+ja,en,2524,,"",
UNIQUE,UNIQUE,vpn-site-to-site,"vpn-site-to-site","VPN Site-to-Site",en+vi,ja,vi,282,,"",
UNIQUE,UNIQUE,vpn-site-to-site,"monitoring-service-through-logging-feature-guide","Theo dõi dịch vụ thông qua tính năng logging",en+vi,ja,vi,6796,,"",
UNIQUE,UNIQUE,vpn-site-to-site,"monitoring-service-through-monitoring-feature-guide","Monitoring",en+vi,ja,vi,1359,,"",
UNIQUE,UNIQUE,vpn-site-to-site,"openstack-portal-to-VMW","VPN Site-to-Site configuration between OpenStack and VMware",en,vi+ja,en,3508,,"",
UNIQUE,UNIQUE,vpn-site-to-site,"permission-access-guide","Hướng dẫn phân quyền sử dụng dịch vụ",en+vi,ja,vi,1719,,"",
UNIQUE,UNIQUE,vpn-site-to-site,"setting-up-alerts-via-the-cloud-guard-service-guide","Hướng dẫn cài đặt cảnh báo thông qua dịch vụ Cloud Guard",en+vi,ja,vi,5613,,"",
UNIQUE,UNIQUE,vpn-site-to-site,"view-vpn-","View VPN details",en+vi,ja,en,920,,"",
UNIQUE,UNIQUE,vpn-site-to-site,"vpn-connection-management","VPN connection management",en,vi+ja,en,342,,"",
UNIQUE,UNIQUE,zalo-ticket-support,"zalo-ticket-support","Zalo ticket support",en+vi,ja,vi,4500,,"",
UNIQUE,UNIQUE,cost-explorer,"fqas-2","Lọc Cost Explorer theo resource cụ thể",vi,en+ja,vi,269,,"",
UNIQUE,UNIQUE,cost-explorer,"question-1","Không xem được Cost Explorer",vi,en+ja,vi,888,,"",
UNIQUE,UNIQUE,create-vpc,"initial-setup","Thiết lập ban đầu",vi,en+ja,vi,791,,"",
UNIQUE,UNIQUE,dedicated-fpt-kubernetes-engine,"best-practice-upgrade-fke-cluster-version","Dịch vụ D-FKE hỗ trợ upgrade version cụm Kubernetes trên Portal Console.",vi,en+ja,vi,4127,,"",
UNIQUE,UNIQUE,dedicated-fpt-kubernetes-engine,"cac-luu-y-khi-su-dung-fke","Các lưu ý khi sử dụng FKE",vi,en+ja,vi,2518,,"",
UNIQUE,UNIQUE,dedicated-fpt-kubernetes-engine,"dfke-faqs","Câu hỏi thường gặp",vi,en+ja,vi,1910,,"",
UNIQUE,UNIQUE,dedicated-fpt-kubernetes-engine,"nang-cap-k8s-version","Kubernetes バージョンのアップグレード",vi+ja,en,ja,959,,"",
UNIQUE,UNIQUE,dedicated-fpt-kubernetes-engine,"quan-ly-kubernetes-cluster","Quản lý Kubernetes cluster",vi,en+ja,vi,410,,"",
UNIQUE,UNIQUE,dedicated-fpt-kubernetes-engine,"retry-timeout-rule","Retry Timeout Rule",vi,en+ja,vi,4159,,"",
UNIQUE,UNIQUE,dedicated-fpt-kubernetes-engine,"thay-doi-cau-hinh-k8s-cluster","Thay đổi cấu hình K8s cluster",vi,en+ja,vi,428,,"",
UNIQUE,UNIQUE,file-storage-high-performance,"quan-ly-mountpoint","MountPoint の管理",vi+ja,en,ja,5254,,"",
UNIQUE,UNIQUE,file-storage-high-performance,"vn-su-dung-file-storage-high-performance-tren-baremetal-gpu-server","Baremetal (GPU Server) での File Storage – High Performance の利用",vi+ja,en,ja,3808,,"",
UNIQUE,UNIQUE,fpt-api-management,"khai-bao-thong-tin-tren-apimanager-application","Khai báo thông tin trên ApiManager Application",vi,en+ja,vi,477,,"",
UNIQUE,UNIQUE,fpt-app-catalogs,"app-catalogs","FPT App Catalogs",vi,en+ja,vi,1555,,"",
UNIQUE,UNIQUE,fpt-app-catalogs,"quan-ly-app-catalogs","Quản lý App Catalogs",vi,en+ja,vi,328,,"",
UNIQUE,UNIQUE,fpt-app-catalogs,"quan-ly-applications-da-duoc-deploy","Quản lý applications đã được deploy",vi,en+ja,vi,311,,"",
UNIQUE,UNIQUE,fpt-argocd,"cau-hinh-image-updater","Cấu hình Image Updater",vi,en+ja,vi,447,,"",
UNIQUE,UNIQUE,fpt-argocd,"cau-hinh-notifications","Cấu hình notifications",vi,en+ja,vi,438,,"",
UNIQUE,UNIQUE,fpt-argocd,"cau-hinh-oidc-phuc-vu-sso-config","Cấu hình OIDC cho SSO",vi,en+ja,vi,222,,"",
UNIQUE,UNIQUE,fpt-argocd,"cau-hinh-webhook","Cấu hình webhook",vi,en+ja,vi,493,,"",
UNIQUE,UNIQUE,fpt-argocd,"huong-dan-cau-hinh-argocd-cluster-de-deploy-ung-dung-voi-manifes","Hướng dẫn cấu hình ArgoCD cluster để deploy ứng dụng với manifes",vi,en+ja,vi,1597,,"",
UNIQUE,UNIQUE,fpt-argocd,"huong-dan-cau-hinh-notifications-de-nhan-thong-bao","Hướng dẫn cấu hình notifications để nhận thông báo khi ứng dụng thay đổi",vi,en+ja,vi,4876,,"",
UNIQUE,UNIQUE,fpt-argocd,"huong-dan-dang-nhap-vao-argocd","Hướng dẫn đăng nhập vào ArgoCD",vi,en+ja,vi,769,,"",
UNIQUE,UNIQUE,fpt-argocd,"huong-dan-deploy-applications-qua-argocd-cli","Hướng dẫn deploy applications qua argocd cli",vi,en+ja,vi,646,,"",
UNIQUE,UNIQUE,fpt-argocd,"huong-dan-deploy-applications-qua-helm-chart-repo","Hướng dẫn deploy applications qua helm chart repo",vi,en+ja,vi,1523,,"",
UNIQUE,UNIQUE,fpt-argocd,"huong-dan-deploy-mot-appliations-voi-kustomize-su-dung-build-options","Hướng dẫn deploy một applications với kustomize sử dụng build options",vi,en+ja,vi,1940,,"",
UNIQUE,UNIQUE,fpt-argocd,"huong-dan-su-dung-applicationset-de-deploy","Hướng dẫn sử dụng applicationset để deploy",vi,en+ja,vi,1721,,"",
UNIQUE,UNIQUE,fpt-argocd,"huong-dan-tich-hop-argocd-images-updater","Hướng dẫn tích hợp Argo CD Images Updater",vi,en+ja,vi,6190,,"",
UNIQUE,UNIQUE,fpt-argocd,"huong-dan-tich-hop-oidc-de-quan-ly-account","Hướng dẫn tích hợp OIDC để quản lý account trên ArgoCD",vi,en+ja,vi,2345,,"",
UNIQUE,UNIQUE,fpt-argocd,"quan-ly-account-tren-argocd","Quản lý tài khoản trên ArgoCD",vi,en+ja,vi,415,,"",
UNIQUE,UNIQUE,fpt-cloud-waf,"quan-ly-nguoi-dung-cua-waf-dashboard","Quản lý người dùng WAF Dashboard",vi+ja,en,vi,407,,"",
UNIQUE,UNIQUE,fpt-cloud-waf,"quan-ly-proxy-host","Quản lý proxy host",vi,en+ja,vi,566,,"",
UNIQUE,UNIQUE,fpt-container-registry,"Initial Setup","Thiết lập ban đầu",vi,en+ja,vi,952,,"",
UNIQUE,UNIQUE,fpt-container-registry,"cap-nhat-robot-account","Cập nhật robot account",vi,en+ja,vi,1018,,"",
UNIQUE,UNIQUE,fpt-container-registry,"cau-hinh-lap-lich-chay-retention-rule","Cấu hình lịch chạy retention rule",vi,en+ja,vi,1620,,"",
UNIQUE,UNIQUE,fpt-container-registry,"cem-chi-tiet-quota-dich-vu","Xem chi tiết quota dịch vụ",vi,en+ja,vi,829,,"",
UNIQUE,UNIQUE,fpt-container-registry,"disable-robot-account-dang-su-dung","Tắt robot account đang sử dụng",vi,en+ja,vi,873,,"",
UNIQUE,UNIQUE,fpt-container-registry,"enable-robot-account","Bật lại robot account",vi,en+ja,vi,837,,"",
UNIQUE,UNIQUE,fpt-container-registry,"huong-dan-nang-goi-dich-vu-dang-su-dung","Nâng gói dịch vụ",vi,en+ja,vi,998,,"",
UNIQUE,UNIQUE,fpt-container-registry,"huong-dan-su-dung-robot-account","Sử dụng robot account",vi,en+ja,vi,1015,,"",
UNIQUE,UNIQUE,fpt-container-registry,"huong-dan-su-dung-tren-docker-cli","Sử dụng Docker CLI với FPT Container Registry",vi,en+ja,vi,228,,"",
UNIQUE,UNIQUE,fpt-container-registry,"kich-hoat-dich-vu-fpt-container-registry","Kích hoạt dịch vụ FPT Container Registry",vi,en+ja,vi,558,,"",
UNIQUE,UNIQUE,fpt-container-registry,"kich-hoat-dich-vu","Kích hoạt dịch vụ",vi,en+ja,vi,1146,,"",
UNIQUE,UNIQUE,fpt-container-registry,"kiem-tra-thong-tin-goi-dich-vu","Kiểm tra thông tin gói dịch vụ",vi,en+ja,vi,872,,"",
UNIQUE,UNIQUE,fpt-container-registry,"pull-docker-image-tu-fpt-container-registry-ve-local","Pull Docker image từ FPT Container Registry về local",vi,en+ja,vi,1425,,"",
UNIQUE,UNIQUE,fpt-container-registry,"quan-ly-goi-dich-vu","Quản lý gói dịch vụ",vi,en+ja,vi,235,,"",
UNIQUE,UNIQUE,fpt-container-registry,"quan-ly-repositories-tren-fpt-portal","Quản lý repositories trên FPT Portal",vi,en+ja,vi,230,,"",
UNIQUE,UNIQUE,fpt-container-registry,"quan-ly-retention-rule","Quản lý retention rule",vi,en+ja,vi,512,,"",
UNIQUE,UNIQUE,fpt-container-registry,"quan-ly-retention-run","Quản lý retention run",vi,en+ja,vi,2673,,"",
UNIQUE,UNIQUE,fpt-container-registry,"quan-ly-robot-account","Quản lý robot account",vi,en+ja,vi,333,,"",
UNIQUE,UNIQUE,fpt-container-registry,"quan-ly-tag-retention-rule","Quản lý tag retention rule",vi,en+ja,vi,2459,,"",
UNIQUE,UNIQUE,fpt-container-registry,"refresh-robot-account","Refresh robot account",vi,en+ja,vi,1215,,"",
UNIQUE,UNIQUE,fpt-container-registry,"scan-image","イメージをスキャンする",vi+ja,en,ja,1794,,"",
UNIQUE,UNIQUE,fpt-container-registry,"stop-scan","Dừng scan image",vi,en+ja,vi,721,,"",
UNIQUE,UNIQUE,fpt-container-registry,"tag-va-push-image-len-fpt-container-registry","Tag và push image lên FPT Container Registry",vi,en+ja,vi,1247,,"",
UNIQUE,UNIQUE,fpt-container-registry,"tao-moi-robot-account","Robot account を管理する",vi+ja,en,ja,2394,,"",
UNIQUE,UNIQUE,fpt-container-registry,"them-moi-tag-retention-rule","Thêm mới tag retention rule",vi,en+ja,vi,3431,,"",
UNIQUE,UNIQUE,fpt-container-registry,"xem-danh-sach-repositories","Xem danh sách repositories",vi,en+ja,vi,444,,"",
UNIQUE,UNIQUE,fpt-container-registry,"xem-danh-sach-robot-account","Xem danh sách robot account",vi,en+ja,vi,316,,"",
UNIQUE,UNIQUE,fpt-container-registry,"xoa-image-hoac-artifact-trong-repositories","Xóa image hoặc artifact trong repositories",vi,en+ja,vi,1819,,"",
UNIQUE,UNIQUE,fpt-container-registry,"xoa-mot-robot-account","Xóa robot account",vi,en+ja,vi,1205,,"",
UNIQUE,UNIQUE,fpt-key-vault,"Initial Setup","Thiết lập ban đầu",vi,en+ja,vi,1113,,"",
UNIQUE,UNIQUE,fpt-key-vault,"tutorials-khoi-tao-vault-instance","Khởi tạo Vault Instance",vi,en+ja,vi,1167,,"",
UNIQUE,UNIQUE,fpt-key-vault,"tutorials-tao-auth-method","Tạo Auth Method",vi,en+ja,vi,1625,,"",
UNIQUE,UNIQUE,fpt-key-vault,"tutorials-tao-policy","Tạo Policy",vi,en+ja,vi,1433,,"",
UNIQUE,UNIQUE,fpt-key-vault,"tutorials-tao-role","Tạo Role",vi,en+ja,vi,1554,,"",
UNIQUE,UNIQUE,fpt-key-vault,"tutorials-tao-secret-engine","Tạo Secret Engine",vi,en+ja,vi,1277,,"",
UNIQUE,UNIQUE,fpt-key-vault,"tutorials-tao-secret-tren-secret-engine","Tạo Secret trên Secret Engine",vi,en+ja,vi,1476,,"",
UNIQUE,UNIQUE,fpt-key-vault,"tutorials-xem-va-cap-nhat-gia-tri-secret","Xem và cập nhật giá trị Secret",vi,en+ja,vi,1100,,"",
UNIQUE,UNIQUE,fpt-key-vault,"tutorials-xoa-policy","Xóa Policy",vi,en+ja,vi,1197,,"",
UNIQUE,UNIQUE,fpt-key-vault,"tutorials-xoa-secret-engine","Xóa Secret Engine",vi,en+ja,vi,1264,,"",
UNIQUE,UNIQUE,fpt-key-vault,"tutorials-xoa-secret","Xóa Secret",vi,en+ja,vi,1167,,"",
UNIQUE,UNIQUE,fpt-message-bus,"gui-nhan-message-trong-queues","queue でのメッセージ送受信",vi+ja,en,ja,1450,,"",
UNIQUE,UNIQUE,fpt-message-bus,"fpt-message-bus-for-rabbitmq","FPT Message Bus for RabbitMQ",vi,en+ja,vi,1038,,"",
UNIQUE,UNIQUE,fpt-message-bus,"quan-ly-queues","Quản lý queues",vi,en+ja,vi,442,,"",
UNIQUE,UNIQUE,fpt-message-bus,"quan-ly-topics","Quản lý topics",vi,en+ja,vi,559,,"",
UNIQUE,UNIQUE,fpt-message-bus,"tao-queues","queue の作成",vi+ja,en,ja,1459,,"",
UNIQUE,UNIQUE,fpt-message-bus,"xem-queues","Xem queue",vi+ja,en,vi,896,,"",
UNIQUE,UNIQUE,fpt-message-bus,"xoa-queues","queue の削除",vi+ja,en,ja,967,,"",
UNIQUE,UNIQUE,fpt-object-storage,"SDK-API-Reference","Cài đặt",vi,en+ja,vi,17598,,"",
UNIQUE,UNIQUE,fpt-object-storage,"clone-du-lieu-giua-hai-bucket-khac-nhau","Clone dữ liệu giữa hai bucket khác nhau",vi+ja,en,vi,3197,,"",
UNIQUE,UNIQUE,fpt-object-storage,"object-storage","Giới thiệu về FPT Object Storage",vi+ja,en,vi,3524,,"",
UNIQUE,UNIQUE,fpt-object-storage,"migrate-bucket-data","tương thích với AWS S3",vi+ja,en,vi,3171,,"",
UNIQUE,UNIQUE,fpt-object-storage,"mount-bucket-thanh-o-dia-tren-may-local","Mount bucket thành ổ đĩa trên máy local",vi+ja,en,vi,3557,,"",
UNIQUE,UNIQUE,fpt-object-storage,"phan-quyen-su-dung-bucket-cho-cac-subuser","Phân quyền sử dụng bucket cho các subuser",vi,en+ja,vi,2282,,"",
UNIQUE,UNIQUE,fpt-object-storage,"su-dung-fpt-object-storage-lam-media-server-luu-tru-va-phan-phoi-media-file-cho-websiteweb-application","Sử dụng FPT Object Storage làm media server",vi+ja,en,vi,8865,,"",
UNIQUE,UNIQUE,fpt-object-storage,"tutorials-encryption","Cách Hoạt Động Của SSE-C",vi,en+ja,vi,2324,,"",
UNIQUE,UNIQUE,fpt-object-storage,"tutorials-quan-ly-access-key-cua-object-storage-tren-fpt-portal","Quản lý Access Key",vi,en+ja,vi,2547,,"",
UNIQUE,UNIQUE,fpt-object-storage,"tutorials-quan-ly-subuser","Quản Lý SubUser Trên FPT Object Storage",vi,en+ja,vi,2747,,"",
UNIQUE,UNIQUE,fpt-object-storage,"tutorials-su-dung-object-storage-tren-fpt-portal","Sử dụng Object Storage trên FPT Portal",vi,en+ja,vi,855,,"",
UNIQUE,UNIQUE,fpt-object-storage,"xay-dung-mot-website-tinh-bang-fpt-object-storage","Xây dựng một website tĩnh bằng FPT Object Storage",vi,en+ja,vi,2812,,"",
UNIQUE,UNIQUE,iam,"iam-user-management","IAM User管理",vi+ja,en,ja,254,,"",
UNIQUE,UNIQUE,iam,"user-group-management","User Group管理",vi+ja,en,ja,366,,"",
UNIQUE,UNIQUE,incident-management,"cau-hinh-settings","Cấu hình settings",vi,en+ja,vi,349,,"",
UNIQUE,UNIQUE,incident-management,"quan-tri-incident","Quản trị incident",vi,en+ja,vi,559,,"",
UNIQUE,UNIQUE,incident-management,"tao-incident","Tạo incident",vi,en+ja,vi,243,,"",
UNIQUE,UNIQUE,load-balancer,"Allow-IP-CIDR","Cấu hình Allow IP/CIDR",vi,en+ja,vi,2386,,"",
UNIQUE,UNIQUE,load-balancer,"Initial Setup","Thiết lập ban đầu",vi,en+ja,vi,1814,,"",
UNIQUE,UNIQUE,load-balancer,"SNI-load-balancer","Cấu hình SNI trên Load balancer",vi,en+ja,vi,4367,,"",
UNIQUE,UNIQUE,load-balancer,"cap-nhat-load-balancer","Update Load Balancer",vi,en+ja,vi,891,,"",
UNIQUE,UNIQUE,load-balancer,"cau-hinh-timeout","Cấu hình Timeout",vi,en+ja,vi,812,,"",
UNIQUE,UNIQUE,load-balancer,"chinh-sua-cau-hinh-health-check","Chỉnh sửa cấu hình Health check",vi,en+ja,vi,3398,,"",
UNIQUE,UNIQUE,load-balancer,"chinh-sua-listener","Cấu hình L7 policy cho Listener",vi,en+ja,vi,4822,,"",
UNIQUE,UNIQUE,load-balancer,"enable-hsts-to-http-listener","Enable HSTS to HTTPS Listener",vi,en+ja,vi,1264,,"",
UNIQUE,UNIQUE,load-balancer,"import-ssl-certificate-cho-load-balancer","Import ssl Certificate cho Load Balancer",vi,en+ja,vi,804,,"",
UNIQUE,UNIQUE,load-balancer,"khoi tao mot load balancer moi","Khởi tạo một Load Balancer mới",vi,en+ja,vi,3076,,"",
UNIQUE,UNIQUE,load-balancer,"khoi-tao-listener","Khởi tạo Listener",vi,en+ja,vi,5900,,"",
UNIQUE,UNIQUE,load-balancer,"khoi-tao-load-balancer","Khởi tạo Load Balancer",vi,en+ja,vi,5992,,"",
UNIQUE,UNIQUE,load-balancer,"khoi-tao-server-pool","Khởi tạo Server Pool",vi,en+ja,vi,5842,,"",
UNIQUE,UNIQUE,load-balancer,"manage-load-balancer","Quản lý Load Balancer",vi,en+ja,vi,750,,"",
UNIQUE,UNIQUE,load-balancer,"quan-ly-listener","Quan Ly Listener",vi,en+ja,vi,871,,"",
UNIQUE,UNIQUE,load-balancer,"quan-ly-load-balancer","Quan Ly Load Balancer",vi,en+ja,vi,881,,"",
UNIQUE,UNIQUE,load-balancer,"quan-ly-server-pool","Quan Ly Server Pool",vi,en+ja,vi,877,,"",
UNIQUE,UNIQUE,load-balancer,"quan-ly-ssl-certificate","Quan Ly Ssl Certificate",vi,en+ja,vi,885,,"",
UNIQUE,UNIQUE,load-balancer,"redirect-http-request-sang-https","Cấu hình redirect HTTP request sang HTTPS",vi,en+ja,vi,493,,"",
UNIQUE,UNIQUE,load-balancer,"ssl-load-balancer","Quản lý chứng chỉ SSL cho Load Balancer",vi,en+ja,vi,772,,"",
UNIQUE,UNIQUE,load-balancer,"tao import ssl certificate","Tạo/Import SSL Certificate",vi,en+ja,vi,481,,"",
UNIQUE,UNIQUE,load-balancer,"thay doi thong tin cau hinh load balancer","Thay đổi thông tin cấu hình Load Balancer",vi,en+ja,vi,1077,,"",
UNIQUE,UNIQUE,load-balancer,"them may ao vao load balancer","Thêm máy ảo vào Load Balancer",vi,en+ja,vi,1251,,"",
UNIQUE,UNIQUE,load-balancer,"them-bot-member-cho-server-pool","Thêm/bớt member cho Server pool",vi,en+ja,vi,1641,,"",
UNIQUE,UNIQUE,load-balancer,"them-external-member","Thêm External member cho Load Balancer",vi,en+ja,vi,1731,,"",
UNIQUE,UNIQUE,load-balancer,"theo-doi-bieu-do-load-balancer","Theo dõi biểu đồ giám sát Load Balancer",vi,en+ja,vi,1959,,"",
UNIQUE,UNIQUE,load-balancer,"xem thong tin chi tiet ssl certificate","Xem thông tin chi tiết SSL Certificate",vi,en+ja,vi,551,,"",
UNIQUE,UNIQUE,load-balancer,"xoa load balancer","Xóa Load Balancer",vi,en+ja,vi,722,,"",
UNIQUE,UNIQUE,load-balancer,"xoa may ao khoi load balancer","Xóa máy ảo khỏi Load Balancer",vi,en+ja,vi,1333,,"",
UNIQUE,UNIQUE,load-balancer,"xoa-ssl-certificate","Xoá SSL Certificate",vi,en+ja,vi,369,,"",
UNIQUE,UNIQUE,managed-fpt-database-engine,"Cap-nhat-va-xoa-Backup-Service","Trường hợp quý khách muốn cập nhật hoặc xóa Backup service.",vi,en+ja,vi,785990,,"",
UNIQUE,UNIQUE,managed-fpt-database-engine,"Cap-nhat-va-xoa-Backup-job","Cap Nhat va xoa Backup job",vi,en+ja,vi,462170,,"",
UNIQUE,UNIQUE,managed-fpt-database-engine,"DB-proxy","DB Proxy",vi,en+ja,vi,255,,"",
UNIQUE,UNIQUE,managed-fpt-database-engine,"Khoi-tao-Database-Engine","Khoi tao Database Engine",vi,en+ja,vi,606672,,"",
UNIQUE,UNIQUE,managed-fpt-database-engine,"Phan-quyen-tinh-nang-Database","Phân quyền tính năng database",vi,en+ja,vi,285,,"",
UNIQUE,UNIQUE,managed-fpt-database-engine,"Quan-ly-Backups","Quản lý backup",vi,en+ja,vi,346,,"",
UNIQUE,UNIQUE,managed-fpt-database-engine,"Quan-ly-Configuration","Quan ly Configuration",vi,en+ja,vi,894471,,"",
UNIQUE,UNIQUE,managed-fpt-database-engine,"Quan-ly-Event-Logs","Quan ly Event Logs",vi,en+ja,vi,386213,,"",
UNIQUE,UNIQUE,managed-fpt-database-engine,"Quan-ly-Process-Monitoring","Quan ly Process Monitoring",vi,en+ja,vi,471762,,"",
UNIQUE,UNIQUE,managed-fpt-database-engine,"Quan-ly-Resource","Quan ly Resource",vi,en+ja,vi,394179,,"",
UNIQUE,UNIQUE,managed-fpt-database-engine,"Tao-backups-service","Tao Backups Service",vi,en+ja,vi,1835171,,"",
UNIQUE,UNIQUE,managed-fpt-database-engine,"Thao-tac-voi-Database-Engine","Thao tac voi Database Engine",vi,en+ja,vi,2404056,,"",
UNIQUE,UNIQUE,managed-fpt-kubernetes-engine,"Initial-setup","初期設定",vi+ja,en,ja,2673,,"",
UNIQUE,UNIQUE,managed-fpt-kubernetes-engine,"audit-log-vn","Giới thiệu chung tính năng Audit Logs Security",vi+ja,en,vi,3712,,"",
UNIQUE,UNIQUE,managed-fpt-kubernetes-engine,"backup-restore-vn","Backup & Restore 機能",vi+ja,en,ja,5480,,"",
UNIQUE,UNIQUE,managed-fpt-kubernetes-engine,"bat-tat-node-auto-repair","Node Auto-repair の有効化/無効化",vi+ja,en,ja,2103,,"",
UNIQUE,UNIQUE,managed-fpt-kubernetes-engine,"cac-luu-y-khi-su-dung-m-fke","M-FKE 使用上の注意事項",vi+ja,en,ja,3110,,"",
UNIQUE,UNIQUE,managed-fpt-kubernetes-engine,"cau-hinh-proxy-protocol-cho-istio-ingress","Managed Kubernetes Cluster での istio-ingress の Proxy Protocol 設定",vi+ja,en,ja,1476,,"",
UNIQUE,UNIQUE,managed-fpt-kubernetes-engine,"cau-hinh-proxy-protocol-cho-nginx-ingress","Managed Kubernetes Cluster での nginx-ingress の Proxy Protocol 設定",vi+ja,en,ja,2184,,"",
UNIQUE,UNIQUE,managed-fpt-kubernetes-engine,"cau-hinh-proxy-protocol","Cấu hình proxy protocol",vi+ja,en,vi,312,,"",
UNIQUE,UNIQUE,managed-fpt-kubernetes-engine,"chinh-sua-label-taint-cho-worker-group","ワーカーグループの label/taint 設定変更",vi+ja,en,ja,2873,,"",
UNIQUE,UNIQUE,managed-fpt-kubernetes-engine,"chuyen-worker-group-base","ベースワーカーグループの切り替え",vi+ja,en,ja,2142,,"",
UNIQUE,UNIQUE,managed-fpt-kubernetes-engine,"danh-tag-cho-vm","仮想マシンへのタグ付け機能",vi+ja,en,ja,4742,,"",
UNIQUE,UNIQUE,managed-fpt-kubernetes-engine,"dich-vu-gpu-tren-k8s","Dịch vụ GPU trên K8s FPT Cloud",vi+ja,en,vi,872386,,"",
UNIQUE,UNIQUE,managed-fpt-kubernetes-engine,"dieu-chinh-cau-hinh-coredns-trong-kubernetes-service","Kubernetes Service での CoreDNS 設定の調整",vi+ja,en,ja,5357,,"",
UNIQUE,UNIQUE,managed-fpt-kubernetes-engine,"fpt-cloud-managed-kubernetes-release-calendar","FPT Cloud Managed Kubernetes リリースカレンダー",vi+ja,en,ja,931,,"",
UNIQUE,UNIQUE,managed-fpt-kubernetes-engine,"gioi-thieu-chung-ve-quy-trinh-quan-ly-version","FPTCloud における Kubernetes バージョン管理プロセスの概要",vi+ja,en,ja,3698,,"",
UNIQUE,UNIQUE,managed-fpt-kubernetes-engine,"gpu-la-gi","GPU là gì?",vi+ja,en,vi,2018,,"",
UNIQUE,UNIQUE,managed-fpt-kubernetes-engine,"huong-dan-chi-tiet-su-dung-auto-upgrade","auto upgrade version 機能の詳細ガイド",vi+ja,en,ja,4165,,"",
UNIQUE,UNIQUE,managed-fpt-kubernetes-engine,"khoi-tạo-kubernetes-cluster-moi","Khởi tạo Kubernetes Cluster mới",vi,en+ja,vi,8764,,"",
UNIQUE,UNIQUE,managed-fpt-kubernetes-engine,"lay-thong-tin-truy-cap-cluster","Lấy thông tin truy cập Cluster",vi,en+ja,vi,757,,"",
UNIQUE,UNIQUE,managed-fpt-kubernetes-engine,"mfke-faqs","よくある質問",vi+ja,en,ja,6986,,"",
UNIQUE,UNIQUE,managed-fpt-kubernetes-engine,"nang-cap-k8s-version","Nâng cấp phiên bản Kubernetes",vi,en+ja,vi,785,,"",
UNIQUE,UNIQUE,managed-fpt-kubernetes-engine,"quan-ly-kubernetes-cluster","Quản lý Kubernetes cluster",vi,en+ja,vi,326,,"",
UNIQUE,UNIQUE,managed-fpt-kubernetes-engine,"restore-persistent-volume-tren-k8s","Kubernetes 上でのスナップショットからの volume のリストア機能",vi+ja,en,ja,1203,,"",
UNIQUE,UNIQUE,managed-fpt-kubernetes-engine,"scale-in-chi-dinh-node","クラスター内の特定 node を指定したスケールイン機能",vi+ja,en,ja,2370,,"",
UNIQUE,UNIQUE,managed-fpt-kubernetes-engine,"service-type-kb-layer7-lbv2","Service Type Loadbalancer Layer 7（LBv2）の使用",vi+ja,en,ja,1810,,"",
UNIQUE,UNIQUE,managed-fpt-kubernetes-engine,"service-type-load-balancer","Service Type Load-Balancer",vi+ja,en,vi,6143,,"",
UNIQUE,UNIQUE,managed-fpt-kubernetes-engine,"snapshot-persistent-volume-tren-k8s","Kubernetes 上の Persistent Volume のスナップショット機能",vi+ja,en,ja,3580,,"",
UNIQUE,UNIQUE,managed-fpt-kubernetes-engine,"snapshot-và-restore-pvc-trên-k8s-fpt","Snapshot và restore persistent volume trong Kubernetes",vi,en+ja,vi,1004,,"",
UNIQUE,UNIQUE,managed-fpt-kubernetes-engine,"tai-sao-nen-su-dung-gpu-tren-cloud","Tại sao nên sử dụng GPU trên Cloud?",vi+ja,en,vi,1785,,"",
UNIQUE,UNIQUE,managed-fpt-kubernetes-engine,"tai-sao-nen-su-dung-gpu-tren-kubernetes","Kubernetes で GPU を使用する理由",vi+ja,en,ja,2898,,"",
UNIQUE,UNIQUE,managed-fpt-kubernetes-engine,"thay-doi-cau-hinh-flavor-cua-worker-pool","ワーカープールのフレーバー設定変更",vi+ja,en,ja,3345,,"",
UNIQUE,UNIQUE,managed-fpt-kubernetes-engine,"thay-doi-cau-hinh-internal-subnet-load-balancer","Internal subnet Load Balancer（CIDR）設定の変更",vi+ja,en,ja,1281,,"",
UNIQUE,UNIQUE,managed-fpt-kubernetes-engine,"thay-doi-cau-hinh-k8s-cluster","K8s Cluster の設定変更",vi+ja,en,ja,454,,"",
UNIQUE,UNIQUE,managed-fpt-kubernetes-engine,"thay-doi-cluster-endponit-access","クラスターエンドポイントアクセスの変更",vi+ja,en,ja,3164,,"",
UNIQUE,UNIQUE,managed-fpt-kubernetes-engine,"them-worker-group","Thêm Worker Group",vi,en+ja,vi,1897,,"",
UNIQUE,UNIQUE,managed-fpt-kubernetes-engine,"thuc-hien-dat-lich-snapshot-pvc","Kubernetes 上での PVC スナップショットのスケジュール設定",vi+ja,en,ja,4672,,"",
UNIQUE,UNIQUE,managed-fpt-kubernetes-engine,"thuc-hien-dat-lich-xoa-pvc-snapshot","Kubernetes 上での PVC スナップショット削除スケジュールの設定",vi+ja,en,ja,2954,,"",
UNIQUE,UNIQUE,managed-fpt-kubernetes-engine,"tinh-nang-benchmark-cluster","Managed Kubernetes Cluster のベンチマーク機能",vi+ja,en,ja,2603,,"",
UNIQUE,UNIQUE,managed-fpt-kubernetes-engine,"tinh-nang-dat-lich-hibernate-wake-up","Hibernate & Wake-up スケジュール機能",vi+ja,en,ja,2860,,"",
UNIQUE,UNIQUE,managed-fpt-kubernetes-engine,"tinh-nang-hibernate-wakeup","Tính năng Hibernate & Wake-up",vi+ja,en,vi,3883,,"",
UNIQUE,UNIQUE,managed-fpt-kubernetes-engine,"tinh-nang-rotate-kubeconfig","kubeconfig のローテーション機能",vi+ja,en,ja,865,,"",
UNIQUE,UNIQUE,managed-fpt-kubernetes-engine,"tinh-nang-runtime-security-cluster","Tính năng Runtime Security cho Managed Kubernetes Cluster",vi+ja,en,vi,8241,,"",
UNIQUE,UNIQUE,managed-fpt-kubernetes-engine,"tinh-nang-tang-cuong-bao-mat-mfke","M-FKE のセキュリティ強化機能",vi+ja,en,ja,1277,,"",
UNIQUE,UNIQUE,managed-fpt-kubernetes-engine,"tinh-nang-workload-scan","Tính năng Workload Managed Kubernetes Cluster",vi+ja,en,vi,8147,,"",
UNIQUE,UNIQUE,managed-fpt-kubernetes-engine,"trien-khai-ung-dung-tren-worker-pool","ワーカープールへのアプリケーションのデプロイ",vi+ja,en,ja,4851,,"",
UNIQUE,UNIQUE,managed-fpt-kubernetes-engine,"truy-cap-thong-tin-chi-tiet-cua-cluster","クラスターの詳細情報へのアクセス",vi+ja,en,ja,1973,,"",
UNIQUE,UNIQUE,managed-fpt-kubernetes-engine,"tu-dong-nang-cap-version","バージョン自動アップグレード機能",vi+ja,en,ja,661,,"",
UNIQUE,UNIQUE,managed-fpt-kubernetes-engine,"xoa-kubernetes-cluster","Xoa Kubernetes Cluster",vi,en+ja,vi,693,,"",
UNIQUE,UNIQUE,model-hub,"base-model","Base Model",vi,en+ja,vi,1935,,"",
UNIQUE,UNIQUE,model-hub,"chi-tiet-model-catalog","Mục đích: Xem chi tiết model",vi,en+ja,vi,1333,,"",
UNIQUE,UNIQUE,model-hub,"chi-tiet-model","Mục đích: Xem chi tiết model",vi,en+ja,vi,1690,,"",
UNIQUE,UNIQUE,model-hub,"clone-model","Mục đích: Nhân bản 1 model giống với model đã có.",vi,en+ja,vi,736,,"",
UNIQUE,UNIQUE,model-hub,"create-organization","Create Organization",vi,en+ja,vi,871,,"",
UNIQUE,UNIQUE,model-hub,"dang-nhap","Đăng nhập",vi,en+ja,vi,716,,"",
UNIQUE,UNIQUE,model-hub,"danh-sach-model-catalog","Danh Sach Model Catalog",vi,en+ja,vi,120,,"",
UNIQUE,UNIQUE,model-hub,"danh-sach-model","Danh Sach Model",vi,en+ja,vi,2130,,"",
UNIQUE,UNIQUE,model-hub,"delete-share","Delete Share",vi,en+ja,vi,748,,"",
UNIQUE,UNIQUE,model-hub,"download-file","Download File",vi,en+ja,vi,225,,"",
UNIQUE,UNIQUE,model-hub,"initial-setup","Thiết lập ban đầu",vi,en+ja,vi,807,,"",
UNIQUE,UNIQUE,model-hub,"model-catalog","Model Catalog",vi,en+ja,vi,190,,"",
UNIQUE,UNIQUE,model-hub,"model-deployment","Mục đích: Kích hoạt; bỏ kích hoạt chức năng deployment của model",vi,en+ja,vi,383,,"",
UNIQUE,UNIQUE,model-hub,"share-detail-invited","Các bước thực hiện:",vi,en+ja,vi,452,,"",
UNIQUE,UNIQUE,model-hub,"share-detail-joined","Các bước thực hiện:",vi,en+ja,vi,381,,"",
UNIQUE,UNIQUE,model-hub,"sua-model","Mục đích: chỉnh sửa lại các thông tin của Model đã tạo",vi,en+ja,vi,830,,"",
UNIQUE,UNIQUE,model-hub,"tao-model","Mục đích: Thêm mới model vào hệ thống",vi,en+ja,vi,1624,,"",
UNIQUE,UNIQUE,model-hub,"tao-verison","Tao Verison",vi,en+ja,vi,908,,"",
UNIQUE,UNIQUE,model-hub,"update-share","Mục đích: Cập nhật quyền của người dùng đã được chia sẻ",vi,en+ja,vi,757,,"",
UNIQUE,UNIQUE,model-hub,"update-version","Mục đích: Cho phép người dùng chỉnh sửa lại 1 version đã tạo",vi,en+ja,vi,620,,"",
UNIQUE,UNIQUE,model-hub,"upload-file","Mục đích: Tải lên bổ sung tệp ở tất cả các định dạng",vi,en+ja,vi,1816,,"",
UNIQUE,UNIQUE,model-hub,"view-update-organization","Mục đích: view detail organization",vi,en+ja,vi,832,,"",
UNIQUE,UNIQUE,model-hub,"xoa-model","Mục đích: xóa 1 model khỏi danh sách các model đã tạo",vi,en+ja,vi,773,,"",
UNIQUE,UNIQUE,trellix-customer-guide,"setting-agert","agent インストールパッケージの作成と agent のインストール",vi+ja,en,ja,3477,,"",
UNIQUE,UNIQUE,user-token,"create-token","Tạo token mới",vi,en+ja,vi,1668,,"",
UNIQUE,UNIQUE,user-token,"fqas","Câu hỏi thường gặp",vi,en+ja,vi,635,,"",
UNIQUE,UNIQUE,user-token,"revoke-token","Thu hồi token",vi,en+ja,vi,1240,,"",
UNIQUE,UNIQUE,vpn-site-to-site,"authenticate-certificate-mode","Xác thực bằng Certificate",vi,en+ja,vi,198,,"",
UNIQUE,UNIQUE,vpn-site-to-site,"connect-behind-NAT","Cấu hình VPN Site-to-Site với các thiết bị NAT IP",vi,en+ja,vi,9105,,"",
UNIQUE,UNIQUE,vpn-site-to-site,"connect-checkpoint-r8120","Cấu hình VPN Site-to-Site với CheckPoint R81.20",vi,en+ja,vi,8137,,"",
UNIQUE,UNIQUE,vpn-site-to-site,"connect-fci-aws-transitgw","Cấu hình kết nối VPN Site-to-Site giữa FCI Cloud và AWS (Transit-Gateway)",vi,en+ja,vi,8990,,"",
UNIQUE,UNIQUE,vpn-site-to-site,"connect-fci-aws-virtualgw","I. Cấu hình VPN Site-to-Site trên AWS",vi,en+ja,vi,9135,,"",
UNIQUE,UNIQUE,vpn-site-to-site,"connect-fci-vmware","Cấu hình kết nối VPN Site-to-Site giữa Portal OpenStack và VMware",vi,en+ja,vi,4499,,"",
UNIQUE,UNIQUE,vpn-site-to-site,"connect-pfsense","Cấu hình VPN Site-to-Site với PfSense",vi,en+ja,vi,4455,,"",
UNIQUE,UNIQUE,vpn-site-to-site,"connect-strongswan","Cấu hình VPN Site-to-Site với strongSwan",vi,en+ja,vi,5484,,"",
UNIQUE,UNIQUE,vpn-site-to-site,"connect-vyos-1.5","Cấu hình VPN Site-to-Site với Vyos 1.5",vi,en+ja,vi,4657,,"",
UNIQUE,UNIQUE,vpn-site-to-site,"create-vpn-connection","Hướng dẫn khởi tạo VPN Connection",vi,en+ja,vi,7620,,"",
UNIQUE,UNIQUE,vpn-site-to-site,"faq","Câu hỏi thường gặp",vi,en+ja,vi,3790,,"",
UNIQUE,UNIQUE,vpn-site-to-site,"initial-setup","Thiết lập ban đầu",vi,en+ja,vi,803,,"",
UNIQUE,UNIQUE,vpn-site-to-site,"ket-noi-thiet-bi-behind-NAT-IP","Hướng dẫn kết nối thiết bị Behind NAT IP",vi,en+ja,vi,9333,,"",
UNIQUE,UNIQUE,vpn-site-to-site,"overviews-vpn","Tổng quan VPN Site-to-Site",vi,en+ja,vi,1422,,"",
UNIQUE,UNIQUE,vpn-site-to-site,"tai-file-cau-hinh-vpn","Hướng dẫn download file config VPN",vi,en+ja,vi,477,,"",
UNIQUE,UNIQUE,ai-notebook,"create-jp","Notebookの作成",ja,en+vi,ja,1822,,"",
UNIQUE,UNIQUE,ai-notebook,"faq-jp","よくある質問",ja,en+vi,ja,1536,,"",
UNIQUE,UNIQUE,ai-notebook,"get-started-jp","AI Notebookについて",ja,en+vi,ja,1138,,"",
UNIQUE,UNIQUE,ai-notebook,"lauch-jp","AI Notebookの起動",ja,en+vi,ja,3628,,"",
UNIQUE,UNIQUE,ai-notebook,"quick-start-jp","クイックスタート",ja,en+vi,ja,2326,,"",
UNIQUE,UNIQUE,ai-notebook,"shut-down-jp","Kernelのシャットダウン",ja,en+vi,ja,2138,,"",
UNIQUE,UNIQUE,ai-notebook,"switch","Kernelの接続と切り替え",ja,en+vi,ja,2027,,"",
UNIQUE,UNIQUE,ai_marketplace,"sign-in","サインイン",ja,en+vi,ja,842,,"",
UNIQUE,UNIQUE,budget-alert,"予算アラート","予算アラート",ja,en+vi,ja,1051,,"",
UNIQUE,UNIQUE,cost-explorer,"コストエクスプローラー","コストエクスプローラー",ja,en+vi,ja,595,,"",
UNIQUE,UNIQUE,cost-explorer,"質問-1","コストエクスプローラーを確認できない",ja,en+vi,ja,979,,"",
UNIQUE,UNIQUE,cost-explorer,"質問-2","特定リソースでコストエクスプローラーをフィルタリング",ja,en+vi,ja,389,,"",
UNIQUE,UNIQUE,create-vpc,"VPC の作成_1","VPCを作成する",ja,en+vi,ja,1497,,"",
UNIQUE,UNIQUE,create-vpc,"初期設定_1","初期設定",ja,en+vi,ja,783,,"",
UNIQUE,UNIQUE,dedicated-fpt-kubernetes-engine,"fke-usage-notes","FKE 使用上の注意事項",ja,en+vi,ja,3020,,"",
UNIQUE,UNIQUE,file-storage-high-performance,"su-dung-file-storage-high-performance-tren-kubernetes-k8s-cluster","Kubernetes (K8S Cluster) での File Storage – High Performance の利用",ja,en+vi,ja,491,,"",
UNIQUE,UNIQUE,fpt-cloud-waf,"initial-setup","初期設定",ja,en+vi,ja,1011,,"",
UNIQUE,UNIQUE,fpt-container-registry,"retention-rule","Retention rule を管理する",ja,en+vi,ja,2391,,"",
UNIQUE,UNIQUE,fpt-key-vault,"auth-method-management","Auth Method管理",ja,en+vi,ja,453,,"",
UNIQUE,UNIQUE,fpt-key-vault,"initial-setup","初期設定",ja,en+vi,ja,1266,,"",
UNIQUE,UNIQUE,fpt-key-vault,"policy-management","Policy管理",ja,en+vi,ja,414,,"",
UNIQUE,UNIQUE,fpt-key-vault,"secret-engine-management","Secret Engine管理",ja,en+vi,ja,425,,"",
UNIQUE,UNIQUE,fpt-key-vault,"secret-management","Secret管理",ja,en+vi,ja,459,,"",
UNIQUE,UNIQUE,fpt-message-bus,"manage-queues","queue の管理",ja,en+vi,ja,504,,"",
UNIQUE,UNIQUE,fpt-message-bus,"manage-topics","topic の管理",ja,en+vi,ja,670,,"",
UNIQUE,UNIQUE,fpt-object-storage,"bucket-config","bucket の設定",ja,en+vi,ja,8151,,"",
UNIQUE,UNIQUE,fpt-object-storage,"build-static-website","FPT Object Storage で静的ウェブサイトを構築する",ja,en+vi,ja,3071,,"",
UNIQUE,UNIQUE,fpt-object-storage,"encryption","暗号化（SSE-C）",ja,en+vi,ja,2089,,"",
UNIQUE,UNIQUE,fpt-object-storage,"manage-access-keys","access key の管理",ja,en+vi,ja,2840,,"",
UNIQUE,UNIQUE,fpt-object-storage,"manage-bucket","bucket の管理",ja,en+vi,ja,3376,,"",
UNIQUE,UNIQUE,fpt-object-storage,"manage-objects","object の管理",ja,en+vi,ja,4521,,"",
UNIQUE,UNIQUE,fpt-object-storage,"manage-permissions","permissions の管理",ja,en+vi,ja,3549,,"",
UNIQUE,UNIQUE,fpt-object-storage,"manage-subusers","subuser の管理",ja,en+vi,ja,2797,,"",
UNIQUE,UNIQUE,fpt-object-storage,"sdk-api-reference","SDK・API リファレンス",ja,en+vi,ja,3205,,"",
UNIQUE,UNIQUE,fpt-object-storage,"subuser-bucket-permissions","subuser への bucket 使用権限の付与",ja,en+vi,ja,2344,,"",
UNIQUE,UNIQUE,fpt-object-storage,"use-on-fpt-portal","FPT Portal での Object Storage の利用",ja,en+vi,ja,984,,"",
UNIQUE,UNIQUE,gpu-virtual-machine-en,"GPU-VM -インスタンス-の-作成","Gpu Vm  インスタンス の 作成",ja,en+vi,ja,6339,,"",
UNIQUE,UNIQUE,gpu-virtual-machine-en,"IPアドレス（フローティングIP）の割り当て","Ipアドレス（フローティングIp）の割り当て",ja,en+vi,ja,1422,,"",
UNIQUE,UNIQUE,gpu-virtual-machine-en,"に関するよくある質問","一般",ja,en+vi,ja,3603,,"",
UNIQUE,UNIQUE,gpu-virtual-machine-en,"クイック-スタート","クイック スタート",ja,en+vi,ja,3008,,"",
UNIQUE,UNIQUE,gpu-virtual-machine-en,"サブネット-の-作成","サブネット の 作成",ja,en+vi,ja,2052,,"",
UNIQUE,UNIQUE,gpu-virtual-machine-en,"サーバーへのアクセス","サーバーへのアクセス",ja,en+vi,ja,2730,,"",
UNIQUE,UNIQUE,gpu-virtual-machine-en,"セキュリティグループの作成","セキュリティグループの作成",ja,en+vi,ja,1505,,"",
UNIQUE,UNIQUE,gpu-virtual-machine-en,"初期-設定","初期 設定",ja,en+vi,ja,1242,,"",
UNIQUE,UNIQUE,gpu-virtual-machine-en,"概要","概要",ja,en+vi,ja,2229,,"",
UNIQUE,UNIQUE,iam,"iam-user-overview","IAM User概要",ja,en+vi,ja,1290,,"",
UNIQUE,UNIQUE,iam,"user-group-overview","User Group概要",ja,en+vi,ja,517,,"",
UNIQUE,UNIQUE,managed-fpt-database-engine,"initial-setup","初期設定",ja,en+vi,ja,1001,,"",
UNIQUE,UNIQUE,managed-fpt-kubernetes-engine,"khoi-tao-kubernetes-cluster-moi","新しい Kubernetes Cluster の作成",ja,en+vi,ja,3071,,"",
UNIQUE,UNIQUE,managed-fpt-kubernetes-engine,"snapshot-va-restore-pvc-tren-k8s-fpt","K8s FPT 上での PVC のスナップショットとリストア",ja,en+vi,ja,1354,,"",
UNIQUE,UNIQUE,model-fine-tuning,"audit-logs","モデルの微調整",ja,en+vi,ja,5521,,"",
UNIQUE,UNIQUE,model-fine-tuning,"concept","モデルの微調整",ja,en+vi,ja,5620,,"",
UNIQUE,UNIQUE,model-fine-tuning,"create-pipeline","Create Pipeline",ja,en+vi,ja,9489,,"",
UNIQUE,UNIQUE,model-fine-tuning,"faqs","よくある質問",ja,en+vi,ja,3159,,"",
UNIQUE,UNIQUE,model-fine-tuning,"initial-setup","初期設定",ja,en+vi,ja,2524,,"",
UNIQUE,UNIQUE,model-fine-tuning,"key-features","Key Features",ja,en+vi,ja,2193,,"",
UNIQUE,UNIQUE,model-fine-tuning,"manage-pipeline","Manage Pipeline",ja,en+vi,ja,1502,,"",
UNIQUE,UNIQUE,model-fine-tuning,"select-data-format","Select Data Format",ja,en+vi,ja,26724,,"",
UNIQUE,UNIQUE,model-fine-tuning,"set-hyperparameters","Set Hyperparameters",ja,en+vi,ja,5569,,"",
UNIQUE,UNIQUE,model-fine-tuning,"top-up-balance","Top Up Balance",ja,en+vi,ja,1148,,"",
UNIQUE,UNIQUE,model-fine-tuning,"training-configuration","Training Configuration",ja,en+vi,ja,2055,,"",
UNIQUE,UNIQUE,model-fine-tuning,"view-execution-details","View Execution Details",ja,en+vi,ja,999,,"",
UNIQUE,UNIQUE,model-fine-tuning,"view-execution-history","View Execution History",ja,en+vi,ja,1202,,"",
UNIQUE,UNIQUE,model-fine-tuning,"view-pipeline-settings","モデルの微調整",ja,en+vi,ja,5413,,"",
UNIQUE,UNIQUE,vpn-site-to-site,"VPNアクティビティの確認","VPN Activity logの確認",ja,en+vi,ja,348,,"",
UNIQUE,UNIQUE,vpn-site-to-site,"VPN情報の確認","VPN情報の確認",ja,en+vi,ja,823,,"",
UNIQUE,UNIQUE,vpn-site-to-site,"サイト間VPNの作成 -1","サイト間VPNの作成",ja,en+vi,ja,1690,,"",
UNIQUE,UNIQUE,vpn-site-to-site,"サイト間VPNの情報編集 -3","VPN情報の編集",ja,en+vi,ja,675,,"",
UNIQUE,UNIQUE,vpn-site-to-site,"サイト間VPNの構成情報をダウンロード","VPN構成情報のダウンロード",ja,en+vi,ja,306,,"",
UNIQUE,UNIQUE,vpn-site-to-site,"サイト間VPNの無効化 -1","サイト間VPNの無効化",ja,en+vi,ja,708,,"",
UNIQUE,UNIQUE,vpn-site-to-site,"サイト間VPNを有効にする-2","サイト間VPNの有効化",ja,en+vi,ja,684,,"",
UNIQUE,UNIQUE,vpn-site-to-site,"サイト間の削除-5","サイト間VPNの削除",ja,en+vi,ja,504,,"",
UNIQUE,UNIQUE,vpn-site-to-site,"認証証明書モード","証明書認証モード",ja,en+vi,ja,228,,"",