slug,module,category,url,high,medium,low,total_issues,issue_types,web_words,doc_words
faq,FPT Cloud Desktop,FPT Cloud Server,,3,2,0,5,"HEADING_COUNT_DIFF, MISSING_HEADINGS, NO_IMAGES, NO_TABLES, WORD_COUNT_LOW",,
gateway,Cloud Server,FPT Cloud Server,,3,2,0,5,"HEADING_COUNT_DIFF, MISSING_HEADINGS, NO_IMAGES, NO_TABLES, WORD_COUNT_LOW",,
header-project,Cloud Server,FPT Cloud Server,,3,2,0,5,"HEADING_COUNT_DIFF, MISSING_HEADINGS, NO_IMAGES, NO_TABLES, WORD_COUNT_LOW",,
benchmark-sysbench,Managed - FPT Database Engines,FPT Database Engine,,3,1,1,5,"FEWER_TABLES, HEADING_COUNT_DIFF, MISSING_HEADINGS, NO_IMAGES, WORD_COUNT_LOW",,
Initial-Setup,Cloud Server,FPT Cloud Server,,3,1,0,4,"MISSING_HEADINGS, NO_IMAGES, NO_TABLES, WORD_COUNT_LOW",,
NIC-overview-1,Cloud Server,FPT Cloud Server,,3,1,0,4,"MISSING_HEADINGS, NO_IMAGES, NO_TABLES, WORD_COUNT_LOW",,
overview-nic,Cloud Server,FPT Cloud Server,,3,1,0,4,"MISSING_HEADINGS, NO_IMAGES, NO_TABLES, WORD_COUNT_LOW",,
change-network-config,Cloud Server,FPT Cloud Server,,3,1,0,4,"MISSING_HEADINGS, NO_IMAGES, NO_TABLES, WORD_COUNT_LOW",,
quan-ly-floating-ip,Cloud Server,FPT Cloud Server,,3,1,0,4,"MISSING_HEADINGS, NO_IMAGES, NO_TABLES, WORD_COUNT_LOW",,
allow-address-pair,Cloud Server,FPT Cloud Server,,3,1,0,4,"MISSING_HEADINGS, NO_IMAGES, NO_TABLES, WORD_COUNT_LOW",,
quan-ly-security-group,Cloud Server,FPT Cloud Server,,3,1,0,4,"MISSING_HEADINGS, NO_IMAGES, NO_TABLES, WORD_COUNT_LOW",,
security-group-priority-rule,Cloud Server,FPT Cloud Server,,3,1,0,4,"MISSING_HEADINGS, NO_IMAGES, NO_TABLES, WORD_COUNT_LOW",,
quan-ly-project,Cloud Server,FPT Cloud Server,,3,1,0,4,"MISSING_HEADINGS, NO_IMAGES, NO_TABLES, WORD_COUNT_LOW",,
new-quota,Cloud Server,FPT Cloud Server,,3,1,0,4,"MISSING_HEADINGS, NO_IMAGES, NO_TABLES, WORD_COUNT_LOW",,
tutorials-permissions,FPT Object Storage,FPT Storage,,3,1,0,4,"MISSING_HEADINGS, NO_IMAGES, NO_TABLES, WORD_COUNT_LOW",,
Initial-setup,Managed - FPT Kubernetes Engine,FPT Container,,3,1,0,4,"MISSING_HEADINGS, NO_IMAGES, NO_TABLES, WORD_COUNT_LOW",,
service-type-load-balancer,Managed - FPT Kubernetes Engine,FPT Container,,3,1,0,4,"MISSING_HEADINGS, NO_IMAGES, NO_TABLES, WORD_COUNT_LOW",,
FAQ,Fortigate - FPT NGFW,FPT Security,,3,1,0,4,"MISSING_HEADINGS, NO_IMAGES, NO_TABLES, WORD_COUNT_LOW",,
deployment-model,Managed - FPT Database Engines,FPT Database Engine,,3,1,0,4,"MISSING_HEADINGS, NO_IMAGES, NO_TABLES, WORD_COUNT_LOW",,
network-connectivity,Managed - FPT Database Engines,FPT Database Engine,,3,1,0,4,"MISSING_HEADINGS, NO_IMAGES, NO_TABLES, WORD_COUNT_LOW",,
maintenance,Managed - FPT Database Engines,FPT Database Engine,,3,1,0,4,"MISSING_HEADINGS, NO_IMAGES, NO_TABLES, WORD_COUNT_LOW",,
mysql-troubleshooting,Managed - FPT Database Engines,FPT Database Engine,,3,1,0,4,"MISSING_HEADINGS, NO_IMAGES, NO_TABLES, WORD_COUNT_LOW",,
clickhouse-use-ha,Managed - FPT Database Engines,FPT Database Engine,,3,1,0,4,"MISSING_HEADINGS, NO_IMAGES, NO_TABLES, WORD_COUNT_LOW",,
iam,Managed - FPT Database Engines,FPT Database Engine,,3,0,1,4,"FEWER_TABLES, MISSING_HEADINGS, NO_IMAGES, WORD_COUNT_LOW",,
security-group-filter,Cloud Server,FPT Cloud Server,,3,0,0,3,"MISSING_HEADINGS, NO_IMAGES, WORD_COUNT_LOW",,
fde-glossary,Managed - FPT Database Engines,FPT Database Engine,,3,0,0,3,"MISSING_HEADINGS, NO_IMAGES, WORD_COUNT_LOW",,
khoi-tao-profile,FPT Autoscale,FPT Cloud Server,,2,4,0,6,"FEWER_IMAGES, HEADING_COUNT_DIFF, MISSING_HEADINGS, NO_CODE_BLOCKS, NO_TABLES, WORD_COUNT_LOW",,
thay-doi-profile-cho-group,FPT Autoscale,FPT Cloud Server,,2,3,0,5,"FEWER_IMAGES, HEADING_COUNT_DIFF, MISSING_HEADINGS, NO_TABLES, WORD_COUNT_LOW",,
scale-thu-cong,FPT Autoscale,FPT Cloud Server,,2,3,0,5,"FEWER_IMAGES, HEADING_COUNT_DIFF, MISSING_HEADINGS, NO_TABLES, WORD_COUNT_LOW",,
scale-tu-dong-theo-lich-trinh,FPT Autoscale,FPT Cloud Server,,2,3,0,5,"FEWER_IMAGES, HEADING_COUNT_DIFF, MISSING_HEADINGS, NO_TABLES, WORD_COUNT_LOW",,
khoi-tao-policy,FPT Autoscale,FPT Cloud Server,,2,3,0,5,"FEWER_IMAGES, HEADING_COUNT_DIFF, MISSING_HEADINGS, NO_TABLES, WORD_COUNT_LOW",,
tutorials-bucket,FPT Object Storage,FPT Storage,,2,2,1,5,"MISSING_HEADINGS, NO_CODE_BLOCKS, NO_IMAGES, NO_TABLES, WORD_COUNT_LOW",,
SDK-API-Reference,FPT Object Storage,FPT Storage,,2,2,1,5,"HEADING_COUNT_DIFF, MISSING_HEADINGS, NO_IMAGES, NO_TABLES, WORD_COUNT_LOW",,
japan-su-dung-file-storage-high-performance-tren-baremetal-gpu-server,File Storage - High Performance,FPT Storage,,2,2,1,5,"HEADING_COUNT_DIFF, MISSING_HEADINGS, NO_IMAGES, NO_TABLES, WORD_COUNT_LOW",,
tags-instance,Tagging,FPT Cloud Server,,2,2,0,4,"FEWER_IMAGES, MISSING_HEADINGS, NO_TABLES, WORD_COUNT_LOW",,
tags-snapshot,Tagging,FPT Cloud Server,,2,2,0,4,"FEWER_IMAGES, MISSING_HEADINGS, NO_TABLES, WORD_COUNT_LOW",,
tags-custom-image,Tagging,FPT Cloud Server,,2,2,0,4,"FEWER_IMAGES, MISSING_HEADINGS, NO_TABLES, WORD_COUNT_LOW",,
tags-floating-ip,Tagging,FPT Cloud Server,,2,2,0,4,"FEWER_IMAGES, MISSING_HEADINGS, NO_TABLES, WORD_COUNT_LOW",,
tags-subnet,Tagging,FPT Cloud Server,,2,2,0,4,"FEWER_IMAGES, MISSING_HEADINGS, NO_TABLES, WORD_COUNT_LOW",,
tags-security-group,Tagging,FPT Cloud Server,,2,2,0,4,"FEWER_IMAGES, MISSING_HEADINGS, NO_TABLES, WORD_COUNT_LOW",,
tagg-lb,Tagging,FPT Cloud Server,,2,2,0,4,"FEWER_IMAGES, MISSING_HEADINGS, NO_TABLES, WORD_COUNT_LOW",,
doi-ten-profile,FPT Autoscale,FPT Cloud Server,,2,2,0,4,"FEWER_IMAGES, MISSING_HEADINGS, NO_TABLES, WORD_COUNT_LOW",,
xoa-profile,FPT Autoscale,FPT Cloud Server,,2,2,0,4,"FEWER_IMAGES, MISSING_HEADINGS, NO_TABLES, WORD_COUNT_LOW",,
khoi-tao-group,FPT Autoscale,FPT Cloud Server,,2,2,0,4,"FEWER_IMAGES, MISSING_HEADINGS, NO_TABLES, WORD_COUNT_LOW",,
giam-sat-group,FPT Autoscale,FPT Cloud Server,,2,2,0,4,"FEWER_IMAGES, MISSING_HEADINGS, NO_TABLES, WORD_COUNT_LOW",,
xoa-group,FPT Autoscale,FPT Cloud Server,,2,2,0,4,"FEWER_IMAGES, MISSING_HEADINGS, NO_TABLES, WORD_COUNT_LOW",,
xoa-policy,FPT Autoscale,FPT Cloud Server,,2,2,0,4,"FEWER_IMAGES, MISSING_HEADINGS, NO_TABLES, WORD_COUNT_LOW",,
lock-unlock-instance-deletion,Cloud Server,FPT Cloud Server,,2,2,0,4,"FEWER_IMAGES, MISSING_HEADINGS, NO_TABLES, WORD_COUNT_LOW",,
tutorials-ket-noi-vao-may-ao-linux,Cloud Server,FPT Cloud Server,,2,2,0,4,"FEWER_IMAGES, MISSING_HEADINGS, NO_TABLES, WORD_COUNT_LOW",,
attach-a-network-card-to-the-virtual-machine,Cloud Server,FPT Cloud Server,,2,2,0,4,"FEWER_IMAGES, MISSING_HEADINGS, NO_TABLES, WORD_COUNT_LOW",,
tutorials-thay-doi-thong-tin-cau-hinh-may-chu,Cloud Server,FPT Cloud Server,,2,2,0,4,"FEWER_IMAGES, MISSING_HEADINGS, NO_TABLES, WORD_COUNT_LOW",,
tutorials-backup-may-chu-voi-snapshot,Cloud Server,FPT Cloud Server,,2,2,0,4,"FEWER_IMAGES, MISSING_HEADINGS, NO_TABLES, WORD_COUNT_LOW",,
profile-ssh-key,Cloud Server,FPT Cloud Server,,2,2,0,4,"FEWER_IMAGES, MISSING_HEADINGS, NO_TABLES, WORD_COUNT_LOW",,
create-instance-group,Cloud Server,FPT Cloud Server,,2,2,0,4,"FEWER_IMAGES, MISSING_HEADINGS, NO_TABLES, WORD_COUNT_LOW",,
cau-hinh-ket-noi-may-chu-waf,FPT Cloud WAF,FPT Security,,2,2,0,4,"FEWER_IMAGES, MISSING_HEADINGS, NO_TABLES, WORD_COUNT_LOW",,
quan-ly-consumers,FPT API Management,FPT Integration,,2,2,0,4,"FEWER_IMAGES, MISSING_HEADINGS, NO_TABLES, WORD_COUNT_LOW",,
register-account,Managed - FPT Database Engines,FPT Database Engine,,2,2,0,4,"FEWER_IMAGES, MISSING_HEADINGS, NO_TABLES, WORD_COUNT_LOW",,
subnet,Managed - FPT Database Engines,FPT Database Engine,,2,2,0,4,"FEWER_IMAGES, MISSING_HEADINGS, NO_TABLES, WORD_COUNT_LOW",,
active-db-service,Managed - FPT Database Engines,FPT Database Engine,,2,2,0,4,"FEWER_IMAGES, MISSING_HEADINGS, NO_TABLES, WORD_COUNT_LOW",,
deactive-db-service,Managed - FPT Database Engines,FPT Database Engine,,2,2,0,4,"FEWER_IMAGES, MISSING_HEADINGS, NO_TABLES, WORD_COUNT_LOW",,
backup-mgmt,Managed - FPT Database Engines,FPT Database Engine,,2,2,0,4,"FEWER_IMAGES, MISSING_HEADINGS, NO_TABLES, WORD_COUNT_LOW",,
backup-job-mgmt,Managed - FPT Database Engines,FPT Database Engine,,2,2,0,4,"FEWER_IMAGES, MISSING_HEADINGS, NO_TABLES, WORD_COUNT_LOW",,
on-off-pitr,Managed - FPT Database Engines,FPT Database Engine,,2,2,0,4,"FEWER_IMAGES, MISSING_HEADINGS, NO_TABLES, WORD_COUNT_LOW",,
restore-db,Managed - FPT Database Engines,FPT Database Engine,,2,2,0,4,"FEWER_IMAGES, MISSING_HEADINGS, NO_TABLES, WORD_COUNT_LOW",,
push-s3,Managed - FPT Database Engines,FPT Database Engine,,2,2,0,4,"FEWER_IMAGES, MISSING_HEADINGS, NO_TABLES, WORD_COUNT_LOW",,
resource,Managed - FPT Database Engines,FPT Database Engine,,2,2,0,4,"FEWER_IMAGES, MISSING_HEADINGS, NO_TABLES, WORD_COUNT_LOW",,
initial-setup,Tagging,FPT Cloud Server,,2,1,1,4,"MISSING_HEADINGS, NO_IMAGES, NO_TABLES, WORD_COUNT_LOW",,
tagging-billing,Tagging,FPT Cloud Server,,2,1,1,4,"MISSING_HEADINGS, NO_IMAGES, NO_TABLES, WORD_COUNT_LOW",,
overview,SSO - Single sign-on,FPT Cloud Server,,2,1,1,4,"MISSING_HEADINGS, NO_IMAGES, NO_TABLES, WORD_COUNT_LOW",,
config-sso,SSO - Single sign-on,FPT Cloud Server,,2,1,1,4,"MISSING_HEADINGS, NO_IMAGES, NO_TABLES, WORD_COUNT_LOW",,
overview-policy,Policy Management,FPT Cloud Server,,2,1,1,4,"MISSING_HEADINGS, NO_IMAGES, NO_TABLES, WORD_COUNT_LOW",,
dang-nhap-voi-tai-khoan-SSO,FPT Cloud Desktop,FPT Cloud Server,,2,1,1,4,"MISSING_HEADINGS, NO_IMAGES, NO_TABLES, WORD_COUNT_LOW",,
dang-nhap-voi-account-password,FPT Cloud Desktop,FPT Cloud Server,,2,1,1,4,"MISSING_HEADINGS, NO_IMAGES, NO_TABLES, WORD_COUNT_LOW",,
quan-ly-profile,FPT Autoscale,FPT Cloud Server,,2,1,1,4,"MISSING_HEADINGS, NO_IMAGES, NO_TABLES, WORD_COUNT_LOW",,
quan-ly-group,FPT Autoscale,FPT Cloud Server,,2,1,1,4,"MISSING_HEADINGS, NO_IMAGES, NO_TABLES, WORD_COUNT_LOW",,
quan-ly-policy,FPT Autoscale,FPT Cloud Server,,2,1,1,4,"MISSING_HEADINGS, NO_IMAGES, NO_TABLES, WORD_COUNT_LOW",,
quan-ly-may-ao,Cloud Server,FPT Cloud Server,,2,1,1,4,"MISSING_HEADINGS, NO_IMAGES, NO_TABLES, WORD_COUNT_LOW",,
GPU,Cloud Server,FPT Cloud Server,,2,1,1,4,"MISSING_HEADINGS, NO_IMAGES, NO_TABLES, WORD_COUNT_LOW",,
quan-ly-gpu-voi-hpc-portal,Cloud Server,FPT Cloud Server,,2,1,1,4,"MISSING_HEADINGS, NO_IMAGES, NO_TABLES, WORD_COUNT_LOW",,
hpc-quick-start,Cloud Server,FPT Cloud Server,,2,1,1,4,"MISSING_HEADINGS, NO_IMAGES, NO_TABLES, WORD_COUNT_LOW",,
hpc-change-package,Cloud Server,FPT Cloud Server,,2,1,1,4,"MISSING_HEADINGS, NO_IMAGES, NO_TABLES, WORD_COUNT_LOW",,
hpc-fixed-rental,Cloud Server,FPT Cloud Server,,2,1,1,4,"HEADING_COUNT_DIFF, MISSING_HEADINGS, NO_IMAGES, WORD_COUNT_LOW",,
hpc-snapshot-backup,Cloud Server,FPT Cloud Server,,2,1,1,4,"MISSING_HEADINGS, NO_IMAGES, NO_TABLES, WORD_COUNT_LOW",,
hpc-hardware-fixation,Cloud Server,FPT Cloud Server,,2,1,1,4,"MISSING_HEADINGS, NO_IMAGES, NO_TABLES, WORD_COUNT_LOW",,
hpc-clone-image,Cloud Server,FPT Cloud Server,,2,1,1,4,"MISSING_HEADINGS, NO_IMAGES, NO_TABLES, WORD_COUNT_LOW",,
hpc-level-2-password,Cloud Server,FPT Cloud Server,,2,1,1,4,"MISSING_HEADINGS, NO_IMAGES, NO_TABLES, WORD_COUNT_LOW",,
hpc-delete-image,Cloud Server,FPT Cloud Server,,2,1,1,4,"MISSING_HEADINGS, NO_IMAGES, NO_TABLES, WORD_COUNT_LOW",,
token,Cloud Server,FPT Cloud Server,,2,1,1,4,"MISSING_HEADINGS, NO_IMAGES, NO_TABLES, WORD_COUNT_LOW",,
FQAs,Cloud Server,FPT Cloud Server,,2,1,1,4,"MISSING_HEADINGS, NO_IMAGES, NO_TABLES, WORD_COUNT_LOW",,
custom-images-overview,Cloud Server,FPT Cloud Server,,2,1,1,4,"MISSING_HEADINGS, NO_IMAGES, NO_TABLES, WORD_COUNT_LOW",,
tutorials-quan-ly-instance-template,Cloud Server,FPT Cloud Server,,2,1,1,4,"MISSING_HEADINGS, NO_IMAGES, NO_TABLES, WORD_COUNT_LOW",,
disable-NIC-card,Cloud Server,FPT Cloud Server,,2,1,1,4,"MISSING_HEADINGS, NO_IMAGES, NO_TABLES, WORD_COUNT_LOW",,
enable-NIC-card,Cloud Server,FPT Cloud Server,,2,1,1,4,"MISSING_HEADINGS, NO_IMAGES, NO_TABLES, WORD_COUNT_LOW",,
convert-card,Cloud Server,FPT Cloud Server,,2,1,1,4,"MISSING_HEADINGS, NO_IMAGES, NO_TABLES, WORD_COUNT_LOW",,
edit-ip-address,Cloud Server,FPT Cloud Server,,2,1,1,4,"MISSING_HEADINGS, NO_IMAGES, NO_TABLES, WORD_COUNT_LOW",,
change-address-MAC,Cloud Server,FPT Cloud Server,,2,1,1,4,"MISSING_HEADINGS, NO_IMAGES, NO_TABLES, WORD_COUNT_LOW",,
delete-card-NIC,Cloud Server,FPT Cloud Server,,2,1,1,4,"MISSING_HEADINGS, NO_IMAGES, NO_TABLES, WORD_COUNT_LOW",,
network-all,Cloud Server,FPT Cloud Server,,2,1,1,4,"MISSING_HEADINGS, NO_IMAGES, NO_TABLES, WORD_COUNT_LOW",,
networking-overview,Cloud Server,FPT Cloud Server,,2,1,1,4,"MISSING_HEADINGS, NO_IMAGES, NO_TABLES, WORD_COUNT_LOW",,
instance-group,Cloud Server,FPT Cloud Server,,2,1,1,4,"MISSING_HEADINGS, NO_IMAGES, NO_TABLES, WORD_COUNT_LOW",,
overview-affinity,Cloud Server,FPT Cloud Server,,2,1,1,4,"MISSING_HEADINGS, NO_IMAGES, NO_TABLES, WORD_COUNT_LOW",,
edit-instance-group-specific,Cloud Server,FPT Cloud Server,,2,1,1,4,"MISSING_HEADINGS, NO_IMAGES, NO_TABLES, WORD_COUNT_LOW",,
overview-bell,Cloud Server,FPT Cloud Server,,2,1,1,4,"MISSING_HEADINGS, NO_IMAGES, NO_TABLES, WORD_COUNT_LOW",,
project-structure,Cloud Server,FPT Cloud Server,,2,1,1,4,"MISSING_HEADINGS, NO_IMAGES, NO_TABLES, WORD_COUNT_LOW",,
select-project-when-creating-VPC,Cloud Server,FPT Cloud Server,,2,1,1,4,"MISSING_HEADINGS, NO_IMAGES, NO_TABLES, WORD_COUNT_LOW",,
instance-schedule,Cloud Server,FPT Cloud Server,,2,1,1,4,"MISSING_HEADINGS, NO_IMAGES, NO_TABLES, WORD_COUNT_LOW",,
schedule-overview,Cloud Server,FPT Cloud Server,,2,1,1,4,"MISSING_HEADINGS, NO_IMAGES, NO_TABLES, WORD_COUNT_LOW",,
schedule-snapshotVM,Cloud Server,FPT Cloud Server,,2,1,1,4,"MISSING_HEADINGS, NO_IMAGES, NO_TABLES, WORD_COUNT_LOW",,
schedule-snapshotstorage,Cloud Server,FPT Cloud Server,,2,1,1,4,"MISSING_HEADINGS, NO_IMAGES, NO_TABLES, WORD_COUNT_LOW",,
question-2,Cloud Server,FPT Cloud Server,,2,1,1,4,"MISSING_HEADINGS, NO_IMAGES, NO_TABLES, WORD_COUNT_LOW",,
question-1,Cloud Server,FPT Cloud Server,,2,1,1,4,"MISSING_HEADINGS, NO_IMAGES, NO_TABLES, WORD_COUNT_LOW",,
question-,Cloud Server,FPT Cloud Server,,2,1,1,4,"MISSING_HEADINGS, NO_IMAGES, NO_TABLES, WORD_COUNT_LOW",,
tutorials-su-dung-object-storage-tren-fpt-portal,FPT Object Storage,FPT Storage,,2,1,1,4,"MISSING_HEADINGS, NO_IMAGES, NO_TABLES, WORD_COUNT_LOW",,
tutorials-object,FPT Object Storage,FPT Storage,,2,1,1,4,"MISSING_HEADINGS, NO_IMAGES, NO_TABLES, WORD_COUNT_LOW",,
tutorials-encryption,FPT Object Storage,FPT Storage,,2,1,1,4,"MISSING_HEADINGS, NO_IMAGES, NO_TABLES, WORD_COUNT_LOW",,
tutorials-quan-ly-access-key-cua-object-storage-tren-fpt-portal,FPT Object Storage,FPT Storage,,2,1,1,4,"MISSING_HEADINGS, NO_IMAGES, NO_TABLES, WORD_COUNT_LOW",,
migrate-bucket-data,FPT Object Storage,FPT Storage,,2,1,1,4,"MISSING_HEADINGS, NO_IMAGES, NO_TABLES, WORD_COUNT_LOW",,
phan-quyen-su-dung-bucket-cho-cac-subuser,FPT Object Storage,FPT Storage,,2,1,1,4,"MISSING_HEADINGS, NO_IMAGES, NO_TABLES, WORD_COUNT_LOW",,
region-viet-nam,File Storage - High Performance,FPT Storage,,2,1,1,4,"MISSING_HEADINGS, NO_IMAGES, NO_TABLES, WORD_COUNT_LOW",,
vn-su-dung-file-storage-high-performance-tren-baremetal-gpu-server,File Storage - High Performance,FPT Storage,,2,1,1,4,"MISSING_HEADINGS, NO_IMAGES, NO_TABLES, WORD_COUNT_LOW",,
authenticate-certificate-mode,VPN Site-to-Site,FPT Network,,2,1,1,4,"MISSING_HEADINGS, NO_IMAGES, NO_TABLES, WORD_COUNT_LOW",,
them-external-member,Load Balancer,FPT Network,,2,1,1,4,"MISSING_HEADINGS, NO_IMAGES, NO_TABLES, WORD_COUNT_LOW",,
cau-hinh-timeout,Load Balancer,FPT Network,,2,1,1,4,"MISSING_HEADINGS, NO_IMAGES, NO_TABLES, WORD_COUNT_LOW",,
redirect-http-request-sang-https,Load Balancer,FPT Network,,2,1,1,4,"MISSING_HEADINGS, NO_IMAGES, NO_TABLES, WORD_COUNT_LOW",,
redirect-prefix,Load Balancer,FPT Network,,2,1,1,4,"MISSING_HEADINGS, NO_IMAGES, NO_TABLES, WORD_COUNT_LOW",,
enable-hsts-to-http-listener,Load Balancer,FPT Network,,2,1,1,4,"MISSING_HEADINGS, NO_IMAGES, NO_TABLES, WORD_COUNT_LOW",,
Allow-IP-CIDR,Load Balancer,FPT Network,,2,1,1,4,"MISSING_HEADINGS, NO_IMAGES, NO_TABLES, WORD_COUNT_LOW",,
xoa-ssl-certificate,Load Balancer,FPT Network,,2,1,1,4,"MISSING_HEADINGS, NO_IMAGES, NO_TABLES, WORD_COUNT_LOW",,
quan-ly-kubernetes-cluster,Managed - FPT Kubernetes Engine,FPT Container,,2,1,1,4,"MISSING_HEADINGS, NO_IMAGES, NO_TABLES, WORD_COUNT_LOW",,
thay-doi-cau-hinh-k8s-cluster,Managed - FPT Kubernetes Engine,FPT Container,,2,1,1,4,"MISSING_HEADINGS, NO_IMAGES, NO_TABLES, WORD_COUNT_LOW",,
persistent-storage,Managed - FPT Kubernetes Engine,FPT Container,,2,1,1,4,"MISSING_HEADINGS, NO_IMAGES, NO_TABLES, WORD_COUNT_LOW",,
tu-dong-nang-cap-version,Managed - FPT Kubernetes Engine,FPT Container,,2,1,1,4,"MISSING_HEADINGS, NO_IMAGES, NO_TABLES, WORD_COUNT_LOW",,
gioi-thieu-chung-ve-quy-trinh-quan-ly-version,Managed - FPT Kubernetes Engine,FPT Container,,2,1,1,4,"MISSING_HEADINGS, NO_IMAGES, NO_TABLES, WORD_COUNT_LOW",,
tinh-nang-tang-cuong-bao-mat-mfke,Managed - FPT Kubernetes Engine,FPT Container,,2,1,1,4,"MISSING_HEADINGS, NO_IMAGES, NO_TABLES, WORD_COUNT_LOW",,
cac-luu-y-khi-su-dung-m-fke,Managed - FPT Kubernetes Engine,FPT Container,,2,1,1,4,"MISSING_HEADINGS, NO_IMAGES, NO_TABLES, WORD_COUNT_LOW",,
gpu-la-gi,Managed - FPT Kubernetes Engine,FPT Container,,2,1,1,4,"MISSING_HEADINGS, NO_IMAGES, NO_TABLES, WORD_COUNT_LOW",,
tai-sao-nen-su-dung-gpu-tren-cloud,Managed - FPT Kubernetes Engine,FPT Container,,2,1,1,4,"MISSING_HEADINGS, NO_IMAGES, NO_TABLES, WORD_COUNT_LOW",,
tai-sao-nen-su-dung-gpu-tren-kubernetes,Managed - FPT Kubernetes Engine,FPT Container,,2,1,1,4,"MISSING_HEADINGS, NO_IMAGES, NO_TABLES, WORD_COUNT_LOW",,
dieu-chinh-cau-hinh-coredns-trong-kubernetes-service,Managed - FPT Kubernetes Engine,FPT Container,,2,1,1,4,"MISSING_HEADINGS, NO_IMAGES, NO_TABLES, WORD_COUNT_LOW",,
restore-persistent-volume-tren-k8s,Managed - FPT Kubernetes Engine,FPT Container,,2,1,1,4,"MISSING_HEADINGS, NO_IMAGES, NO_TABLES, WORD_COUNT_LOW",,
thuc-hien-dat-lich-snapshot-pvc,Managed - FPT Kubernetes Engine,FPT Container,,2,1,1,4,"MISSING_HEADINGS, NO_IMAGES, NO_TABLES, WORD_COUNT_LOW",,
thuc-hien-dat-lich-xoa-pvc-snapshot,Managed - FPT Kubernetes Engine,FPT Container,,2,1,1,4,"MISSING_HEADINGS, NO_IMAGES, NO_TABLES, WORD_COUNT_LOW",,
cau-hinh-proxy-protocol,Managed - FPT Kubernetes Engine,FPT Container,,2,1,1,4,"MISSING_HEADINGS, NO_IMAGES, NO_TABLES, WORD_COUNT_LOW",,
cau-hinh-proxy-protocol-cho-istio-ingress,Managed - FPT Kubernetes Engine,FPT Container,,2,1,1,4,"MISSING_HEADINGS, NO_IMAGES, NO_TABLES, WORD_COUNT_LOW",,
cau-hinh-proxy-protocol-cho-nginx-ingress,Managed - FPT Kubernetes Engine,FPT Container,,2,1,1,4,"MISSING_HEADINGS, NO_IMAGES, NO_TABLES, WORD_COUNT_LOW",,
thay-doi-cau-hinh-flavor-cua-worker-pool,Managed - FPT Kubernetes Engine,FPT Container,,2,1,1,4,"MISSING_HEADINGS, NO_IMAGES, NO_TABLES, WORD_COUNT_LOW",,
driver-installation-self-install,FPT Kubernetes Engine with GPU,FPT Container,,2,1,1,4,"MISSING_HEADINGS, NO_IMAGES, NO_TABLES, WORD_COUNT_LOW",,
quan-ly-repositories-tren-fpt-portal,FPT Container Registry,FPT Container,,2,1,1,4,"MISSING_HEADINGS, NO_IMAGES, NO_TABLES, WORD_COUNT_LOW",,
quan-ly-retention-rule,FPT Container Registry,FPT Container,,2,1,1,4,"MISSING_HEADINGS, NO_IMAGES, NO_TABLES, WORD_COUNT_LOW",,
quan-ly-robot-account,FPT Container Registry,FPT Container,,2,1,1,4,"MISSING_HEADINGS, NO_IMAGES, NO_TABLES, WORD_COUNT_LOW",,
quan-ly-goi-dich-vu,FPT Container Registry,FPT Container,,2,1,1,4,"MISSING_HEADINGS, NO_IMAGES, NO_TABLES, WORD_COUNT_LOW",,
scan-image,FPT Container Registry,FPT Container,,2,1,1,4,"MISSING_HEADINGS, NO_IMAGES, NO_TABLES, WORD_COUNT_LOW",,
AutoScale,Dedicated - FPT Kubernetes Engine,FPT Container,,2,1,1,4,"MISSING_HEADINGS, NO_IMAGES, NO_TABLES, WORD_COUNT_LOW",,
best-practice-manual-scaling,Dedicated - FPT Kubernetes Engine,FPT Container,,2,1,1,4,"MISSING_HEADINGS, NO_IMAGES, NO_TABLES, WORD_COUNT_LOW",,
auto-repair-nodes,Dedicated - FPT Kubernetes Engine,FPT Container,,2,1,1,4,"MISSING_HEADINGS, NO_IMAGES, NO_TABLES, WORD_COUNT_LOW",,
cac-luu-y-khi-su-dung-fke,Dedicated - FPT Kubernetes Engine,FPT Container,,2,1,1,4,"MISSING_HEADINGS, NO_IMAGES, NO_TABLES, WORD_COUNT_LOW",,
dfke-faqs,Dedicated - FPT Kubernetes Engine,FPT Container,,2,1,1,4,"MISSING_HEADINGS, NO_IMAGES, NO_TABLES, WORD_COUNT_LOW",,
role-management,IAM,FPT Security,,2,1,1,4,"MISSING_HEADINGS, NO_IMAGES, NO_TABLES, WORD_COUNT_LOW",,
Role-Overview,IAM,FPT Security,,2,1,1,4,"MISSING_HEADINGS, NO_IMAGES, NO_TABLES, WORD_COUNT_LOW",,
ip-access,IAM,FPT Security,,2,1,1,4,"MISSING_HEADINGS, NO_IMAGES, NO_TABLES, WORD_COUNT_LOW",,
ip-access-overview,IAM,FPT Security,,2,1,1,4,"MISSING_HEADINGS, NO_IMAGES, NO_TABLES, WORD_COUNT_LOW",,
ssl-profile,FPT Cloud WAPPLES,FPT Security,,2,1,1,4,"MISSING_HEADINGS, NO_IMAGES, NO_TABLES, WORD_COUNT_LOW",,
network-filters,FPT Cloud WAPPLES,FPT Security,,2,1,1,4,"MISSING_HEADINGS, NO_IMAGES, NO_TABLES, WORD_COUNT_LOW",,
quan-ly-proxy-host,FPT Cloud WAF,FPT Security,,2,1,1,4,"MISSING_HEADINGS, NO_IMAGES, NO_TABLES, WORD_COUNT_LOW",,
quan-ly-target,FPT Cloud VA,FPT Security,,2,1,1,4,"MISSING_HEADINGS, NO_IMAGES, NO_TABLES, WORD_COUNT_LOW",,
xem-ket-qua-quet,FPT Cloud VA,FPT Security,,2,1,1,4,"MISSING_HEADINGS, NO_IMAGES, NO_TABLES, WORD_COUNT_LOW",,
huong-dan-tren-gaia-portal,CheckPoint - FPT NGFW,FPT Security,,2,1,1,4,"MISSING_HEADINGS, NO_IMAGES, NO_TABLES, WORD_COUNT_LOW",,
huong-dan-tren-smartconsole,CheckPoint - FPT NGFW,FPT Security,,2,1,1,4,"MISSING_HEADINGS, NO_IMAGES, NO_TABLES, WORD_COUNT_LOW",,
tich-hop-dich-vu,FPT Reporting,FPT Monitoring,,2,1,1,4,"MISSING_HEADINGS, NO_IMAGES, NO_TABLES, WORD_COUNT_LOW",,
quan-ly-workspace,FPT Cloud Monitoring,FPT Monitoring,,2,1,1,4,"MISSING_HEADINGS, NO_IMAGES, NO_TABLES, WORD_COUNT_LOW",,
monitor-public-endpoints,FPT Cloud Monitoring,FPT Monitoring,,2,1,1,4,"MISSING_HEADINGS, NO_IMAGES, NO_TABLES, WORD_COUNT_LOW",,
truc-quan-hoa-du-lieu,FPT Cloud Monitoring,FPT Monitoring,,2,1,1,4,"MISSING_HEADINGS, NO_IMAGES, NO_TABLES, WORD_COUNT_LOW",,
restore-window-vm-from-cloud-repository,FPT Backup As a Service,FPT Cloud Backup & DR,,2,1,1,4,"MISSING_HEADINGS, NO_IMAGES, NO_TABLES, WORD_COUNT_LOW",,
restore-lai-vm-tu-cac-restore-point,Backup,FPT Cloud Backup & DR,,2,1,1,4,"MISSING_HEADINGS, NO_IMAGES, NO_TABLES, WORD_COUNT_LOW",,
quan-ly-fpt-cloud-agent,FPT Jenkins CI,FPT DevSecOps Services,,2,1,1,4,"MISSING_HEADINGS, NO_IMAGES, NO_TABLES, WORD_COUNT_LOW",,
quan-ly-credential,FPT Jenkins CI,FPT DevSecOps Services,,2,1,1,4,"MISSING_HEADINGS, NO_IMAGES, NO_TABLES, WORD_COUNT_LOW",,
quan-ly-cau-hinh,FPT Jenkins CI,FPT DevSecOps Services,,2,1,1,4,"MISSING_HEADINGS, NO_IMAGES, NO_TABLES, WORD_COUNT_LOW",,
demo,FPT Jenkins CI,FPT DevSecOps Services,,2,1,1,4,"MISSING_HEADINGS, NO_IMAGES, NO_TABLES, WORD_COUNT_LOW",,
cau-hinh-image-updater,FPT ArgoCD,FPT DevSecOps Services,,2,1,1,4,"MISSING_HEADINGS, NO_IMAGES, NO_TABLES, WORD_COUNT_LOW",,
cau-hinh-webhook,FPT ArgoCD,FPT DevSecOps Services,,2,1,1,4,"MISSING_HEADINGS, NO_IMAGES, NO_TABLES, WORD_COUNT_LOW",,
quan-ly-account-tren-argocd,FPT ArgoCD,FPT DevSecOps Services,,2,1,1,4,"MISSING_HEADINGS, NO_IMAGES, NO_TABLES, WORD_COUNT_LOW",,
manage-admin-account-enable-disable-anonymous-user,FPT ArgoCD,FPT DevSecOps Services,,2,1,1,4,"MISSING_HEADINGS, NO_IMAGES, NO_TABLES, WORD_COUNT_LOW",,
cau-hinh-oidc-phuc-vu-sso-config,FPT ArgoCD,FPT DevSecOps Services,,2,1,1,4,"MISSING_HEADINGS, NO_IMAGES, NO_TABLES, WORD_COUNT_LOW",,
cau-hinh-notifications,FPT ArgoCD,FPT DevSecOps Services,,2,1,1,4,"MISSING_HEADINGS, NO_IMAGES, NO_TABLES, WORD_COUNT_LOW",,
khai-bao-thong-tin-tren-apimanager-application,FPT API Management,FPT Integration,,2,1,1,4,"MISSING_HEADINGS, NO_IMAGES, NO_TABLES, WORD_COUNT_LOW",,
analytics,FPT API Management,FPT Integration,,2,1,1,4,"MISSING_HEADINGS, NO_IMAGES, NO_TABLES, WORD_COUNT_LOW",,
database-engine-version,Managed - FPT Database Engines,FPT Database Engine,,2,1,1,4,"MISSING_HEADINGS, NO_IMAGES, NO_TABLES, WORD_COUNT_LOW",,
report,Trellix Customer Guide,Support,,2,1,1,4,"MISSING_HEADINGS, NO_IMAGES, NO_TABLES, WORD_COUNT_LOW",,
fqas-1,Request Resource,Support,,2,1,1,4,"MISSING_HEADINGS, NO_IMAGES, NO_TABLES, WORD_COUNT_LOW",,
fqas-3,Request Resource,Support,,2,1,1,4,"MISSING_HEADINGS, NO_IMAGES, NO_TABLES, WORD_COUNT_LOW",,
fqas-4,Request Resource,Support,,2,1,1,4,"MISSING_HEADINGS, NO_IMAGES, NO_TABLES, WORD_COUNT_LOW",,
fqas-5,Request Resource,Support,,2,1,1,4,"MISSING_HEADINGS, NO_IMAGES, NO_TABLES, WORD_COUNT_LOW",,
thay-doi-cau-hinh-k8s,Managed GPU Cluster (Kubernetes),AI Infrastructure,,2,1,1,4,"MISSING_HEADINGS, NO_IMAGES, NO_TABLES, WORD_COUNT_LOW",,
single-gpu-example,Managed GPU Cluster (Kubernetes),AI Infrastructure,,2,1,1,4,"MISSING_HEADINGS, NO_IMAGES, NO_TABLES, WORD_COUNT_LOW",,
multi-gpus-example,Managed GPU Cluster (Kubernetes),AI Infrastructure,,2,1,1,4,"MISSING_HEADINGS, NO_IMAGES, NO_TABLES, WORD_COUNT_LOW",,
finetune-llm-models,Managed GPU Cluster (Kubernetes),AI Infrastructure,,2,1,1,4,"MISSING_HEADINGS, NO_IMAGES, NO_TABLES, WORD_COUNT_LOW",,
tutorials-quan-ly-subuser,FPT Object Storage,FPT Storage,,2,1,0,3,"NO_IMAGES, NO_TABLES, WORD_COUNT_LOW",,
xay-dung-mot-website-tinh-bang-fpt-object-storage,FPT Object Storage,FPT Storage,,2,1,0,3,"NO_IMAGES, NO_TABLES, WORD_COUNT_LOW",,
region-nhat-ban,File Storage - High Performance,FPT Storage,,2,1,0,3,"NO_IMAGES, NO_TABLES, WORD_COUNT_LOW",,
overviews-vpn,VPN Site-to-Site,FPT Network,,2,1,0,3,"NO_IMAGES, NO_TABLES, WORD_COUNT_LOW",,
cap-nhat-load-balancer,Load Balancer,FPT Network,,2,1,0,3,"NO_IMAGES, NO_TABLES, WORD_COUNT_LOW",,
theo-doi-bieu-do-load-balancer,Load Balancer,FPT Network,,2,1,0,3,"NO_IMAGES, NO_TABLES, WORD_COUNT_LOW",,
resize-load-balancer,Load Balancer,FPT Network,,2,1,0,3,"NO_IMAGES, NO_TABLES, WORD_COUNT_LOW",,
SNI-load-balancer,Load Balancer,FPT Network,,2,1,0,3,"NO_IMAGES, NO_TABLES, WORD_COUNT_LOW",,
import-ssl-certificate-cho-load-balancer,Load Balancer,FPT Network,,2,1,0,3,"NO_IMAGES, NO_TABLES, WORD_COUNT_LOW",,
kich-hoat-dich-vu-fpt-container-registry,FPT Container Registry,FPT Container,,2,1,0,3,"NO_IMAGES, NO_TABLES, WORD_COUNT_LOW",,
huong-dan-su-dung-tren-docker-cli,FPT Container Registry,FPT Container,,2,1,0,3,"NO_IMAGES, NO_TABLES, WORD_COUNT_LOW",,
IAM-User-Overview,IAM,FPT Security,,2,1,0,3,"NO_IMAGES, NO_TABLES, WORD_COUNT_LOW",,
kich-hoat-dich-vu-fcmon,FPT Cloud Monitoring,FPT Monitoring,,2,1,0,3,"NO_IMAGES, NO_TABLES, WORD_COUNT_LOW",,
Overview,FPT Cloud Guard,FPT Monitoring,,2,1,0,3,"NO_IMAGES, NO_TABLES, WORD_COUNT_LOW",,
khoi-tao-canh-bao-vpn,FPT Cloud Guard,FPT Monitoring,,2,1,0,3,"FEWER_IMAGES, MISSING_HEADINGS, WORD_COUNT_LOW",,
Backup-Initial-Setup,Backup,FPT Cloud Backup & DR,,2,1,0,3,"NO_IMAGES, NO_TABLES, WORD_COUNT_LOW",,
clone-vm-tu-cac-restore-point,Backup,FPT Cloud Backup & DR,,2,1,0,3,"NO_IMAGES, NO_TABLES, WORD_COUNT_LOW",,
kiem-tra-thong-tin-backup-va-restore-cua-vm,Backup,FPT Cloud Backup & DR,,2,1,0,3,"NO_IMAGES, NO_TABLES, WORD_COUNT_LOW",,
backup-report,Backup,FPT Cloud Backup & DR,,2,1,0,3,"NO_IMAGES, NO_TABLES, WORD_COUNT_LOW",,
backup-volume,Backup,FPT Cloud Backup & DR,,2,1,0,3,"NO_IMAGES, NO_TABLES, WORD_COUNT_LOW",,
toi-duoc-ho-tro-nhung-gi-khi-thue-may-chu-va-dung-dich-vu-backup-tren-fpt-cloud,Backup,FPT Cloud Backup & DR,,2,1,0,3,"NO_IMAGES, NO_TABLES, WORD_COUNT_LOW",,
incremental-backup-la-gi-va-loi-ich-khi-su-dung,Backup,FPT Cloud Backup & DR,,2,1,0,3,"NO_IMAGES, NO_TABLES, WORD_COUNT_LOW",,
tai-sao-djoi-luc-toi-thay-so-luong-restore-point-tren-he-thong-nhieu-hon-so-luong-lastest-backup-to-keep-dja-khai-bao,Backup,FPT Cloud Backup & DR,,2,1,0,3,"NO_IMAGES, NO_TABLES, WORD_COUNT_LOW",,
toi-muon-tim-hieu-ve-backup-fpt-cloud-co-chinh-sach-dung-thu-khong,Backup,FPT Cloud Backup & DR,,2,1,0,3,"NO_IMAGES, NO_TABLES, WORD_COUNT_LOW",,
db-operation,Managed - FPT Database Engines,FPT Database Engine,,2,1,0,3,"FEWER_IMAGES, MISSING_HEADINGS, WORD_COUNT_LOW",,
maintenance-window,Managed - FPT Database Engines,FPT Database Engine,,2,1,0,3,"FEWER_IMAGES, MISSING_HEADINGS, WORD_COUNT_LOW",,
access-logs,Load Balancer,FPT Network,,2,0,1,3,"MISSING_HEADINGS, NO_IMAGES, WORD_COUNT_LOW",,
chinh-sua-cau-hinh-health-check,Load Balancer,FPT Network,,2,0,1,3,"MISSING_HEADINGS, NO_IMAGES, WORD_COUNT_LOW",,
fpt-cloud-managed-kubernetes-release-calendar,Managed - FPT Kubernetes Engine,FPT Container,,2,0,1,3,"MISSING_HEADINGS, NO_IMAGES, WORD_COUNT_LOW",,
best-practice-upgrade-fke-cluster-version,Dedicated - FPT Kubernetes Engine,FPT Container,,2,0,1,3,"MISSING_HEADINGS, NO_IMAGES, WORD_COUNT_LOW",,
khoi-tao-canh-bao-virtual-machine,FPT Cloud Guard,FPT Monitoring,,2,0,1,3,"MISSING_HEADINGS, NO_IMAGES, WORD_COUNT_LOW",,
Version-policy,Managed - FPT Database Engines,FPT Database Engine,,2,0,1,3,"MISSING_HEADINGS, NO_IMAGES, WORD_COUNT_LOW",,
Version-List,Managed - FPT Database Engines,FPT Database Engine,,2,0,1,3,"MISSING_HEADINGS, NO_IMAGES, WORD_COUNT_LOW",,
db-engine-service,Managed - FPT Database Engines,FPT Database Engine,,2,0,1,3,"MISSING_HEADINGS, NO_IMAGES, WORD_COUNT_LOW",,
db-manage-operate,Managed - FPT Database Engines,FPT Database Engine,,2,0,1,3,"MISSING_HEADINGS, NO_IMAGES, WORD_COUNT_LOW",,
reporting,Managed - FPT Database Engines,FPT Database Engine,,2,0,1,3,"MISSING_HEADINGS, NO_IMAGES, WORD_COUNT_LOW",,
service-load-balancer-managed-gpu-cluster,Managed GPU Cluster (Kubernetes),AI Infrastructure,,2,0,1,3,"MISSING_HEADINGS, NO_IMAGES, WORD_COUNT_LOW",,
xem-lich-su-backup-and-recovery,Backup,FPT Cloud Backup & DR,,2,0,0,2,"NO_IMAGES, WORD_COUNT_LOW",,
accountpassword-qua-FCDClient-moi,FPT Cloud Desktop,FPT Cloud Server,,1,3,1,5,"FEWER_IMAGES, HEADING_COUNT_DIFF, MISSING_HEADINGS, NO_TABLES, WORD_COUNT_LOW",,
quick-starts-tao-mot-may-ao,Cloud Server,FPT Cloud Server,,1,3,1,5,"FEWER_IMAGES, MISSING_HEADINGS, NO_CODE_BLOCKS, NO_TABLES, WORD_COUNT_LOW",,
docker-login,FPT Container Registry,FPT Container,,1,3,1,5,"FEWER_IMAGES, MISSING_HEADINGS, NO_CODE_BLOCKS, NO_TABLES, WORD_COUNT_LOW",,
quan-ly-tag-retention-rule,FPT Container Registry,FPT Container,,1,3,1,5,"FEWER_IMAGES, HEADING_COUNT_DIFF, MISSING_HEADINGS, NO_TABLES, WORD_COUNT_LOW",,
quan-ly-retention-run,FPT Container Registry,FPT Container,,1,3,1,5,"FEWER_IMAGES, HEADING_COUNT_DIFF, MISSING_HEADINGS, NO_TABLES, WORD_COUNT_LOW",,
monitor-ip,DdoS Protection,FPT Security,,1,3,1,5,"FEWER_IMAGES, HEADING_COUNT_DIFF, MISSING_HEADINGS, NO_TABLES, WORD_COUNT_LOW",,
tag-va-push-image-len-fpt-container-registry,FPT Container Registry,FPT Container,,1,3,0,4,"FEWER_IMAGES, NO_CODE_BLOCKS, NO_TABLES, WORD_COUNT_LOW",,
pull-docker-image-tu-fpt-container-registry-ve-local,FPT Container Registry,FPT Container,,1,3,0,4,"FEWER_IMAGES, NO_CODE_BLOCKS, NO_TABLES, WORD_COUNT_LOW",,
db-connect,Managed - FPT Database Engines,FPT Database Engine,,1,3,0,4,"FEWER_IMAGES, MISSING_HEADINGS, NO_TABLES, WORD_COUNT_LOW",,
notification,Managed - FPT Database Engines,FPT Database Engine,,1,3,0,4,"FEWER_IMAGES, MISSING_HEADINGS, NO_TABLES, WORD_COUNT_LOW",,
create-tag-new,Tagging,FPT Cloud Server,,1,2,1,4,"FEWER_IMAGES, MISSING_HEADINGS, NO_TABLES, WORD_COUNT_LOW",,
edit-tag,Tagging,FPT Cloud Server,,1,2,1,4,"FEWER_IMAGES, MISSING_HEADINGS, NO_TABLES, WORD_COUNT_LOW",,
delete-tag,Tagging,FPT Cloud Server,,1,2,1,4,"FEWER_IMAGES, MISSING_HEADINGS, NO_TABLES, WORD_COUNT_LOW",,
resource-1,Tagging,FPT Cloud Server,,1,2,1,4,"FEWER_IMAGES, MISSING_HEADINGS, NO_TABLES, WORD_COUNT_LOW",,
tags-storage-disk,Tagging,FPT Cloud Server,,1,2,1,4,"FEWER_IMAGES, MISSING_HEADINGS, NO_TABLES, WORD_COUNT_LOW",,
use-sso,SSO - Single sign-on,FPT Cloud Server,,1,2,1,4,"FEWER_IMAGES, MISSING_HEADINGS, NO_TABLES, WORD_COUNT_LOW",,
apply-policy,Policy Management,FPT Cloud Server,,1,2,1,4,"FEWER_IMAGES, MISSING_HEADINGS, NO_TABLES, WORD_COUNT_LOW",,
edit-policy,Policy Management,FPT Cloud Server,,1,2,1,4,"FEWER_IMAGES, MISSING_HEADINGS, NO_TABLES, WORD_COUNT_LOW",,
delete-policy,Policy Management,FPT Cloud Server,,1,2,1,4,"FEWER_IMAGES, MISSING_HEADINGS, NO_TABLES, WORD_COUNT_LOW",,
disable-policy,Policy Management,FPT Cloud Server,,1,2,1,4,"FEWER_IMAGES, MISSING_HEADINGS, NO_TABLES, WORD_COUNT_LOW",,
enable-policy,Policy Management,FPT Cloud Server,,1,2,1,4,"FEWER_IMAGES, MISSING_HEADINGS, NO_TABLES, WORD_COUNT_LOW",,
dang-ky,FPT Cloud Portal – Pay As You Go,FPT Cloud Server,,1,2,1,4,"FEWER_IMAGES, MISSING_HEADINGS, NO_TABLES, WORD_COUNT_LOW",,
dang-nhap,FPT Cloud Portal – Pay As You Go,FPT Cloud Server,,1,2,1,4,"FEWER_IMAGES, MISSING_HEADINGS, NO_TABLES, WORD_COUNT_LOW",,
create-organization,FPT Cloud Portal – Pay As You Go,FPT Cloud Server,,1,2,1,4,"FEWER_IMAGES, MISSING_HEADINGS, NO_TABLES, WORD_COUNT_LOW",,
home-page-portal,FPT Cloud Portal – Pay As You Go,FPT Cloud Server,,1,2,1,4,"FEWER_IMAGES, MISSING_HEADINGS, NO_TABLES, WORD_COUNT_LOW",,
recharge-via-gift-code,FPT Cloud Portal – Pay As You Go,FPT Cloud Server,,1,2,1,4,"FEWER_IMAGES, MISSING_HEADINGS, NO_TABLES, WORD_COUNT_LOW",,
deposit-money-via-VNPay,FPT Cloud Portal – Pay As You Go,FPT Cloud Server,,1,2,1,4,"FEWER_IMAGES, MISSING_HEADINGS, NO_TABLES, WORD_COUNT_LOW",,
buy-virtual-machines,FPT Cloud Portal – Pay As You Go,FPT Cloud Server,,1,2,1,4,"FEWER_IMAGES, MISSING_HEADINGS, NO_TABLES, WORD_COUNT_LOW",,
change-virtual-machine-configuration,FPT Cloud Portal – Pay As You Go,FPT Cloud Server,,1,2,1,4,"FEWER_IMAGES, MISSING_HEADINGS, NO_TABLES, WORD_COUNT_LOW",,
buy-Public-IP,FPT Cloud Portal – Pay As You Go,FPT Cloud Server,,1,2,1,4,"FEWER_IMAGES, MISSING_HEADINGS, NO_TABLES, WORD_COUNT_LOW",,
buy-storage-disk,FPT Cloud Portal – Pay As You Go,FPT Cloud Server,,1,2,1,4,"FEWER_IMAGES, MISSING_HEADINGS, NO_TABLES, WORD_COUNT_LOW",,
change-removable-drive-capacity,FPT Cloud Portal – Pay As You Go,FPT Cloud Server,,1,2,1,4,"FEWER_IMAGES, MISSING_HEADINGS, NO_TABLES, WORD_COUNT_LOW",,
view-billing-by-monthly-reconciliation,FPT Cloud Portal – Pay As You Go,FPT Cloud Server,,1,2,1,4,"FEWER_IMAGES, MISSING_HEADINGS, NO_TABLES, WORD_COUNT_LOW",,
view-performed-transactions,FPT Cloud Portal – Pay As You Go,FPT Cloud Server,,1,2,1,4,"FEWER_IMAGES, MISSING_HEADINGS, NO_TABLES, WORD_COUNT_LOW",,
SSO-qua-FCDClient-cu,FPT Cloud Desktop,FPT Cloud Server,,1,2,1,4,"FEWER_IMAGES, MISSING_HEADINGS, NO_TABLES, WORD_COUNT_LOW",,
accountpassword-qua-FCDClient-cu,FPT Cloud Desktop,FPT Cloud Server,,1,2,1,4,"FEWER_IMAGES, MISSING_HEADINGS, NO_TABLES, WORD_COUNT_LOW",,
create-vm-iso,Cloud Server,FPT Cloud Server,,1,2,1,4,"FEWER_IMAGES, MISSING_HEADINGS, NO_TABLES, WORD_COUNT_LOW",,
clone-instance,Cloud Server,FPT Cloud Server,,1,2,1,4,"FEWER_IMAGES, MISSING_HEADINGS, NO_TABLES, WORD_COUNT_LOW",,
quick-starts-tatbat-may-ao,Cloud Server,FPT Cloud Server,,1,2,1,4,"FEWER_IMAGES, MISSING_HEADINGS, NO_TABLES, WORD_COUNT_LOW",,
quick-starts-khoi-dong-lai-may-ao,Cloud Server,FPT Cloud Server,,1,2,1,4,"FEWER_IMAGES, MISSING_HEADINGS, NO_TABLES, WORD_COUNT_LOW",,
quick-starts-xoa-may-ao,Cloud Server,FPT Cloud Server,,1,2,1,4,"FEWER_IMAGES, MISSING_HEADINGS, NO_TABLES, WORD_COUNT_LOW",,
tutorials-khoi-tao-mot-may-ao-moi,Cloud Server,FPT Cloud Server,,1,2,1,4,"FEWER_IMAGES, MISSING_HEADINGS, NO_TABLES, WORD_COUNT_LOW",,
tutorials-ket-noi-vao-may-ao-windows,Cloud Server,FPT Cloud Server,,1,2,1,4,"FEWER_IMAGES, MISSING_HEADINGS, NO_TABLES, WORD_COUNT_LOW",,
remove-the-network-card-from-the-virtual-machine,Cloud Server,FPT Cloud Server,,1,2,1,4,"FEWER_IMAGES, MISSING_HEADINGS, NO_TABLES, WORD_COUNT_LOW",,
tutorials-tra-cuu-thong-tin-thong-so-ky-thuat-cua-may-ao-da-tao,Cloud Server,FPT Cloud Server,,1,2,1,4,"FEWER_IMAGES, MISSING_HEADINGS, NO_TABLES, WORD_COUNT_LOW",,
gpu-general,Cloud Server,FPT Cloud Server,,1,2,1,4,"FEWER_IMAGES, MISSING_HEADINGS, NO_TABLES, WORD_COUNT_LOW",,
gpu-specific,Cloud Server,FPT Cloud Server,,1,2,1,4,"FEWER_IMAGES, MISSING_HEADINGS, NO_TABLES, WORD_COUNT_LOW",,
hpc-rest-machine,Cloud Server,FPT Cloud Server,,1,2,1,4,"FEWER_IMAGES, MISSING_HEADINGS, NO_TABLES, WORD_COUNT_LOW",,
hpc-schedule-shutdown,Cloud Server,FPT Cloud Server,,1,2,1,4,"FEWER_IMAGES, MISSING_HEADINGS, NO_TABLES, WORD_COUNT_LOW",,
block-storage,Cloud Server,FPT Cloud Server,,1,2,1,4,"FEWER_IMAGES, MISSING_HEADINGS, NO_TABLES, WORD_COUNT_LOW",,
tao-storage-disk,Cloud Server,FPT Cloud Server,,1,2,1,4,"FEWER_IMAGES, MISSING_HEADINGS, NO_TABLES, WORD_COUNT_LOW",,
gan-storage-disk-vao-may-ao,Cloud Server,FPT Cloud Server,,1,2,1,4,"FEWER_IMAGES, MISSING_HEADINGS, NO_TABLES, WORD_COUNT_LOW",,
cau-hinh-o-dia-cho-may-ao-chay-windows,Cloud Server,FPT Cloud Server,,1,2,1,4,"FEWER_IMAGES, MISSING_HEADINGS, NO_TABLES, WORD_COUNT_LOW",,
go-storage-disk-khoi-may-ao,Cloud Server,FPT Cloud Server,,1,2,1,4,"FEWER_IMAGES, MISSING_HEADINGS, NO_TABLES, WORD_COUNT_LOW",,
edit-storage-disk,Cloud Server,FPT Cloud Server,,1,2,1,4,"FEWER_IMAGES, MISSING_HEADINGS, NO_TABLES, WORD_COUNT_LOW",,
xoa-storage-disk,Cloud Server,FPT Cloud Server,,1,2,1,4,"FEWER_IMAGES, MISSING_HEADINGS, NO_TABLES, WORD_COUNT_LOW",,
create-token,Cloud Server,FPT Cloud Server,,1,2,1,4,"FEWER_IMAGES, MISSING_HEADINGS, NO_TABLES, WORD_COUNT_LOW",,
revoke-token,Cloud Server,FPT Cloud Server,,1,2,1,4,"FEWER_IMAGES, MISSING_HEADINGS, NO_TABLES, WORD_COUNT_LOW",,
tai-len-custom-image,Cloud Server,FPT Cloud Server,,1,2,1,4,"FEWER_IMAGES, MISSING_HEADINGS, NO_TABLES, WORD_COUNT_LOW",,
xoa-custom-image,Cloud Server,FPT Cloud Server,,1,2,1,4,"FEWER_IMAGES, MISSING_HEADINGS, NO_TABLES, WORD_COUNT_LOW",,
tutorials-khoi-tao-template-tu-may-ao,Cloud Server,FPT Cloud Server,,1,2,1,4,"FEWER_IMAGES, MISSING_HEADINGS, NO_TABLES, WORD_COUNT_LOW",,
tutorials-quan-ly-template-duoc-tao-tu-may-ao,Cloud Server,FPT Cloud Server,,1,2,1,4,"FEWER_IMAGES, MISSING_HEADINGS, NO_TABLES, WORD_COUNT_LOW",,
tutorials-tao-instance-tu-template,Cloud Server,FPT Cloud Server,,1,2,1,4,"FEWER_IMAGES, MISSING_HEADINGS, NO_TABLES, WORD_COUNT_LOW",,
tutorials-xoa-template,Cloud Server,FPT Cloud Server,,1,2,1,4,"FEWER_IMAGES, MISSING_HEADINGS, NO_TABLES, WORD_COUNT_LOW",,
nat-instance,Cloud Server,FPT Cloud Server,,1,2,1,4,"FEWER_IMAGES, MISSING_HEADINGS, NO_TABLES, WORD_COUNT_LOW",,
terraform,Cloud Server,FPT Cloud Server,,1,2,1,4,"FEWER_IMAGES, MISSING_HEADINGS, NO_TABLES, WORD_COUNT_LOW",,
add-instance-instance-group,Cloud Server,FPT Cloud Server,,1,2,1,4,"FEWER_IMAGES, MISSING_HEADINGS, NO_TABLES, WORD_COUNT_LOW",,
delete-instance-group,Cloud Server,FPT Cloud Server,,1,2,1,4,"FEWER_IMAGES, MISSING_HEADINGS, NO_TABLES, WORD_COUNT_LOW",,
create-new-instance,Cloud Server,FPT Cloud Server,,1,2,1,4,"FEWER_IMAGES, MISSING_HEADINGS, NO_TABLES, WORD_COUNT_LOW",,
view-detail-instance,Cloud Server,FPT Cloud Server,,1,2,1,4,"FEWER_IMAGES, MISSING_HEADINGS, NO_TABLES, WORD_COUNT_LOW",,
attach-schedule-to-instance,Cloud Server,FPT Cloud Server,,1,2,1,4,"FEWER_IMAGES, MISSING_HEADINGS, NO_TABLES, WORD_COUNT_LOW",,
detach-schedule-to-instance,Cloud Server,FPT Cloud Server,,1,2,1,4,"FEWER_IMAGES, MISSING_HEADINGS, NO_TABLES, WORD_COUNT_LOW",,
delete-instance-schedule,Cloud Server,FPT Cloud Server,,1,2,1,4,"FEWER_IMAGES, MISSING_HEADINGS, NO_TABLES, WORD_COUNT_LOW",,
create-schedule-snapshotVM,Cloud Server,FPT Cloud Server,,1,2,1,4,"FEWER_IMAGES, MISSING_HEADINGS, NO_TABLES, WORD_COUNT_LOW",,
viewschedule-snapshotVM,Cloud Server,FPT Cloud Server,,1,2,1,4,"FEWER_IMAGES, MISSING_HEADINGS, NO_TABLES, WORD_COUNT_LOW",,
editschedule-snapshotVM,Cloud Server,FPT Cloud Server,,1,2,1,4,"FEWER_IMAGES, MISSING_HEADINGS, NO_TABLES, WORD_COUNT_LOW",,
deleteschedule-snapshotVM,Cloud Server,FPT Cloud Server,,1,2,1,4,"FEWER_IMAGES, MISSING_HEADINGS, NO_TABLES, WORD_COUNT_LOW",,
createschedule-snapshotstorage,Cloud Server,FPT Cloud Server,,1,2,1,4,"FEWER_IMAGES, MISSING_HEADINGS, NO_TABLES, WORD_COUNT_LOW",,
viewschedule-snapshotstorage,Cloud Server,FPT Cloud Server,,1,2,1,4,"FEWER_IMAGES, MISSING_HEADINGS, NO_TABLES, WORD_COUNT_LOW",,
editschedule-snapshotstorage,Cloud Server,FPT Cloud Server,,1,2,1,4,"FEWER_IMAGES, MISSING_HEADINGS, NO_TABLES, WORD_COUNT_LOW",,
deleteschedule-snapshotstorage,Cloud Server,FPT Cloud Server,,1,2,1,4,"FEWER_IMAGES, MISSING_HEADINGS, NO_TABLES, WORD_COUNT_LOW",,
tutorials-bucket-config,FPT Object Storage,FPT Storage,,1,2,1,4,"MISSING_HEADINGS, NO_IMAGES, NO_TABLES, WORD_COUNT_LOW",,
mount-bucket-thanh-o-dia-tren-may-local,FPT Object Storage,FPT Storage,,1,2,1,4,"FEWER_IMAGES, MISSING_HEADINGS, NO_TABLES, WORD_COUNT_LOW",,
clone-du-lieu-giua-hai-bucket-khac-nhau,FPT Object Storage,FPT Storage,,1,2,1,4,"FEWER_IMAGES, MISSING_HEADINGS, NO_TABLES, WORD_COUNT_LOW",,
view-VPN-detail-information,VPN Site-to-Site,FPT Network,,1,2,1,4,"FEWER_IMAGES, MISSING_HEADINGS, NO_TABLES, WORD_COUNT_LOW",,
edit-VPN-S2S-information,VPN Site-to-Site,FPT Network,,1,2,1,4,"FEWER_IMAGES, MISSING_HEADINGS, NO_TABLES, WORD_COUNT_LOW",,
edit-security-profile,VPN Site-to-Site,FPT Network,,1,2,1,4,"FEWER_IMAGES, MISSING_HEADINGS, NO_TABLES, WORD_COUNT_LOW",,
download-config-VPN-S2S,VPN Site-to-Site,FPT Network,,1,2,1,4,"FEWER_IMAGES, MISSING_HEADINGS, NO_TABLES, WORD_COUNT_LOW",,
VPN-S2S-check-activity-logs,VPN Site-to-Site,FPT Network,,1,2,1,4,"FEWER_IMAGES, MISSING_HEADINGS, NO_TABLES, WORD_COUNT_LOW",,
connect-fci-vmware,VPN Site-to-Site,FPT Network,,1,2,1,4,"FEWER_IMAGES, MISSING_HEADINGS, NO_TABLES, WORD_COUNT_LOW",,
enable-disable-vpn-connection,VPN Site-to-Site,FPT Network,,1,2,1,4,"FEWER_IMAGES, MISSING_HEADINGS, NO_TABLES, WORD_COUNT_LOW",,
xoa-vpn-connection,VPN Site-to-Site,FPT Network,,1,2,1,4,"FEWER_IMAGES, MISSING_HEADINGS, NO_TABLES, WORD_COUNT_LOW",,
tai-file-cau-hinh-vpn,VPN Site-to-Site,FPT Network,,1,2,1,4,"FEWER_IMAGES, MISSING_HEADINGS, NO_TABLES, WORD_COUNT_LOW",,
delete-customergw,VPN Site-to-Site,FPT Network,,1,2,1,4,"FEWER_IMAGES, MISSING_HEADINGS, NO_TABLES, WORD_COUNT_LOW",,
service-authorization,VPN Site-to-Site,FPT Network,,1,2,1,4,"FEWER_IMAGES, MISSING_HEADINGS, NO_TABLES, WORD_COUNT_LOW",,
tich-hop-fmon,Load Balancer,FPT Network,,1,2,1,4,"FEWER_IMAGES, MISSING_HEADINGS, NO_TABLES, WORD_COUNT_LOW",,
khoi-tao-listener,Load Balancer,FPT Network,,1,2,1,4,"MISSING_HEADINGS, NO_IMAGES, NO_TABLES, WORD_COUNT_LOW",,
chinh-sua-listener,Load Balancer,FPT Network,,1,2,1,4,"MISSING_HEADINGS, NO_IMAGES, NO_TABLES, WORD_COUNT_LOW",,
them-bot-member-cho-server-pool,Load Balancer,FPT Network,,1,2,1,4,"FEWER_IMAGES, MISSING_HEADINGS, NO_TABLES, WORD_COUNT_LOW",,
create-vpc,Create VPC,FPT Network,,1,2,1,4,"FEWER_IMAGES, MISSING_HEADINGS, NO_TABLES, WORD_COUNT_LOW",,
rename-vpc,Create VPC,FPT Network,,1,2,1,4,"FEWER_IMAGES, MISSING_HEADINGS, NO_TABLES, WORD_COUNT_LOW",,
activitylog-bell,Create VPC,FPT Network,,1,2,1,4,"FEWER_IMAGES, MISSING_HEADINGS, NO_TABLES, WORD_COUNT_LOW",,
xem-danh-sach-kubernetes-cluster-da-tao,Managed - FPT Kubernetes Engine,FPT Container,,1,2,1,4,"FEWER_IMAGES, MISSING_HEADINGS, NO_TABLES, WORD_COUNT_LOW",,
truy-cap-thong-tin-chi-tiet-cua-cluster,Managed - FPT Kubernetes Engine,FPT Container,,1,2,1,4,"FEWER_IMAGES, MISSING_HEADINGS, NO_TABLES, WORD_COUNT_LOW",,
lay-thong-tin-truy-cap-cluster,Managed - FPT Kubernetes Engine,FPT Container,,1,2,1,4,"FEWER_IMAGES, MISSING_HEADINGS, NO_TABLES, WORD_COUNT_LOW",,
tinh-nang-rotate-kubeconfig,Managed - FPT Kubernetes Engine,FPT Container,,1,2,1,4,"FEWER_IMAGES, MISSING_HEADINGS, NO_TABLES, WORD_COUNT_LOW",,
xoa-kubernetes-cluster,Managed - FPT Kubernetes Engine,FPT Container,,1,2,1,4,"FEWER_IMAGES, MISSING_HEADINGS, NO_TABLES, WORD_COUNT_LOW",,
thay-doi-cluster-endponit-access,Managed - FPT Kubernetes Engine,FPT Container,,1,2,1,4,"FEWER_IMAGES, MISSING_HEADINGS, NO_TABLES, WORD_COUNT_LOW",,
them-worker-group,Managed - FPT Kubernetes Engine,FPT Container,,1,2,1,4,"FEWER_IMAGES, MISSING_HEADINGS, NO_TABLES, WORD_COUNT_LOW",,
thay-doi-cau-hinh-internal-subnet-load-balancer,Managed - FPT Kubernetes Engine,FPT Container,,1,2,1,4,"FEWER_IMAGES, MISSING_HEADINGS, NO_TABLES, WORD_COUNT_LOW",,
chinh-sua-label-taint-cho-worker-group,Managed - FPT Kubernetes Engine,FPT Container,,1,2,1,4,"FEWER_IMAGES, MISSING_HEADINGS, NO_TABLES, WORD_COUNT_LOW",,
bat-tat-node-auto-repair,Managed - FPT Kubernetes Engine,FPT Container,,1,2,1,4,"FEWER_IMAGES, MISSING_HEADINGS, NO_TABLES, WORD_COUNT_LOW",,
chuyen-worker-group-base,Managed - FPT Kubernetes Engine,FPT Container,,1,2,1,4,"FEWER_IMAGES, MISSING_HEADINGS, NO_TABLES, WORD_COUNT_LOW",,
nang-cap-k8s-version,Managed - FPT Kubernetes Engine,FPT Container,,1,2,1,4,"FEWER_IMAGES, MISSING_HEADINGS, NO_TABLES, WORD_COUNT_LOW",,
cluster-autoscale,Managed - FPT Kubernetes Engine,FPT Container,,1,2,1,4,"FEWER_IMAGES, MISSING_HEADINGS, NO_TABLES, WORD_COUNT_LOW",,
trien-khai-ung-dung-tren-worker-pool,Managed - FPT Kubernetes Engine,FPT Container,,1,2,1,4,"FEWER_IMAGES, MISSING_HEADINGS, NO_TABLES, WORD_COUNT_LOW",,
scale-in-chi-dinh-node,Managed - FPT Kubernetes Engine,FPT Container,,1,2,1,4,"FEWER_IMAGES, MISSING_HEADINGS, NO_TABLES, WORD_COUNT_LOW",,
tinh-nang-hibernate-wakeup,Managed - FPT Kubernetes Engine,FPT Container,,1,2,1,4,"FEWER_IMAGES, MISSING_HEADINGS, NO_TABLES, WORD_COUNT_LOW",,
tinh-nang-dat-lich-hibernate-wake-up,Managed - FPT Kubernetes Engine,FPT Container,,1,2,1,4,"FEWER_IMAGES, MISSING_HEADINGS, NO_TABLES, WORD_COUNT_LOW",,
huong-dan-chi-tiet-su-dung-auto-upgrade,Managed - FPT Kubernetes Engine,FPT Container,,1,2,1,4,"FEWER_IMAGES, MISSING_HEADINGS, NO_TABLES, WORD_COUNT_LOW",,
tinh-nang-benchmark-cluster,Managed - FPT Kubernetes Engine,FPT Container,,1,2,1,4,"FEWER_IMAGES, MISSING_HEADINGS, NO_TABLES, WORD_COUNT_LOW",,
audit-log-vn,Managed - FPT Kubernetes Engine,FPT Container,,1,2,1,4,"FEWER_IMAGES, MISSING_HEADINGS, NO_TABLES, WORD_COUNT_LOW",,
danh-tag-cho-vm,Managed - FPT Kubernetes Engine,FPT Container,,1,2,1,4,"FEWER_IMAGES, MISSING_HEADINGS, NO_TABLES, WORD_COUNT_LOW",,
mfke-faqs,Managed - FPT Kubernetes Engine,FPT Container,,1,2,1,4,"MISSING_HEADINGS, NO_IMAGES, NO_TABLES, WORD_COUNT_LOW",,
snapshot-persistent-volume-tren-k8s,Managed - FPT Kubernetes Engine,FPT Container,,1,2,1,4,"FEWER_IMAGES, MISSING_HEADINGS, NO_TABLES, WORD_COUNT_LOW",,
service-type-kb-layer7-lbv2,Managed - FPT Kubernetes Engine,FPT Container,,1,2,1,4,"FEWER_IMAGES, MISSING_HEADINGS, NO_TABLES, WORD_COUNT_LOW",,
thay-doi-worker-group-su-sung-gpu,FPT Kubernetes Engine with GPU,FPT Container,,1,2,1,4,"FEWER_IMAGES, MISSING_HEADINGS, NO_TABLES, WORD_COUNT_LOW",,
trien-khai-ung-dung-su-dung-gpu-tren-kubernetes,FPT Kubernetes Engine with GPU,FPT Container,,1,2,1,4,"FEWER_IMAGES, MISSING_HEADINGS, NO_TABLES, WORD_COUNT_LOW",,
huong-dan-su-dung-gpu-telemetry,FPT Kubernetes Engine with GPU,FPT Container,,1,2,1,4,"FEWER_IMAGES, MISSING_HEADINGS, NO_TABLES, WORD_COUNT_LOW",,
huong-dan-su-dung-autoscaler-voi-gpu,FPT Kubernetes Engine with GPU,FPT Container,,1,2,1,4,"FEWER_IMAGES, MISSING_HEADINGS, NO_TABLES, WORD_COUNT_LOW",,
tang-them-worker-group-su-dung-gpu,FPT Kubernetes Engine with GPU,FPT Container,,1,2,1,4,"FEWER_IMAGES, MISSING_HEADINGS, NO_TABLES, WORD_COUNT_LOW",,
huong-dan-cau-hinh-auto-scale-su-dung-gpu-custom-metric,FPT Kubernetes Engine with GPU,FPT Container,,1,2,1,4,"FEWER_IMAGES, MISSING_HEADINGS, NO_TABLES, WORD_COUNT_LOW",,
huong-dan-cau-hinh-auto-scale-su-dung-keda-va-prometheus,FPT Kubernetes Engine with GPU,FPT Container,,1,2,1,4,"FEWER_IMAGES, MISSING_HEADINGS, NO_TABLES, WORD_COUNT_LOW",,
kiem-tra-thong-tin-goi-dich-vu,FPT Container Registry,FPT Container,,1,2,1,4,"FEWER_IMAGES, MISSING_HEADINGS, NO_TABLES, WORD_COUNT_LOW",,
kich-hoat-dich-vu,FPT Container Registry,FPT Container,,1,2,1,4,"FEWER_IMAGES, MISSING_HEADINGS, NO_TABLES, WORD_COUNT_LOW",,
xem-danh-sach-repositories,FPT Container Registry,FPT Container,,1,2,1,4,"FEWER_IMAGES, MISSING_HEADINGS, NO_TABLES, WORD_COUNT_LOW",,
xoa-image-hoac-artifact-trong-repositories,FPT Container Registry,FPT Container,,1,2,1,4,"FEWER_IMAGES, MISSING_HEADINGS, NO_TABLES, WORD_COUNT_LOW",,
xem-danh-sach-robot-account,FPT Container Registry,FPT Container,,1,2,1,4,"FEWER_IMAGES, MISSING_HEADINGS, NO_TABLES, WORD_COUNT_LOW",,
cap-nhat-robot-account,FPT Container Registry,FPT Container,,1,2,1,4,"FEWER_IMAGES, MISSING_HEADINGS, NO_TABLES, WORD_COUNT_LOW",,
disable-robot-account-dang-su-dung,FPT Container Registry,FPT Container,,1,2,1,4,"FEWER_IMAGES, MISSING_HEADINGS, NO_TABLES, WORD_COUNT_LOW",,
enable-robot-account,FPT Container Registry,FPT Container,,1,2,1,4,"FEWER_IMAGES, MISSING_HEADINGS, NO_TABLES, WORD_COUNT_LOW",,
xoa-mot-robot-account,FPT Container Registry,FPT Container,,1,2,1,4,"FEWER_IMAGES, MISSING_HEADINGS, NO_TABLES, WORD_COUNT_LOW",,
refresh-robot-account,FPT Container Registry,FPT Container,,1,2,1,4,"FEWER_IMAGES, MISSING_HEADINGS, NO_TABLES, WORD_COUNT_LOW",,
huong-dan-su-dung-robot-account,FPT Container Registry,FPT Container,,1,2,1,4,"FEWER_IMAGES, MISSING_HEADINGS, NO_TABLES, WORD_COUNT_LOW",,
huong-dan-nang-goi-dich-vu-dang-su-dung,FPT Container Registry,FPT Container,,1,2,1,4,"FEWER_IMAGES, MISSING_HEADINGS, NO_TABLES, WORD_COUNT_LOW",,
scan-image-1,FPT Container Registry,FPT Container,,1,2,1,4,"FEWER_IMAGES, MISSING_HEADINGS, NO_TABLES, WORD_COUNT_LOW",,
stop-scan,FPT Container Registry,FPT Container,,1,2,1,4,"FEWER_IMAGES, MISSING_HEADINGS, NO_TABLES, WORD_COUNT_LOW",,
quan-ly-ket-qua-scan-images,FPT Container Registry,FPT Container,,1,2,1,4,"FEWER_IMAGES, MISSING_HEADINGS, NO_TABLES, WORD_COUNT_LOW",,
khoi-tao-kubernetes-cluster-moi,Dedicated - FPT Kubernetes Engine,FPT Container,,1,2,1,4,"FEWER_IMAGES, MISSING_HEADINGS, NO_TABLES, WORD_COUNT_LOW",,
stop-kubernetes-cluster,Dedicated - FPT Kubernetes Engine,FPT Container,,1,2,1,4,"FEWER_IMAGES, MISSING_HEADINGS, NO_TABLES, WORD_COUNT_LOW",,
start-kubernetes-cluster,Dedicated - FPT Kubernetes Engine,FPT Container,,1,2,1,4,"FEWER_IMAGES, MISSING_HEADINGS, NO_TABLES, WORD_COUNT_LOW",,
scale-worker-nodes,Dedicated - FPT Kubernetes Engine,FPT Container,,1,2,1,4,"FEWER_IMAGES, MISSING_HEADINGS, NO_TABLES, WORD_COUNT_LOW",,
thay-doi-flavor-cau-hinh-nodes,Dedicated - FPT Kubernetes Engine,FPT Container,,1,2,1,4,"FEWER_IMAGES, MISSING_HEADINGS, NO_TABLES, WORD_COUNT_LOW",,
thay-doi-flavor-cau-hinh-nfs,Dedicated - FPT Kubernetes Engine,FPT Container,,1,2,1,4,"FEWER_IMAGES, MISSING_HEADINGS, NO_TABLES, WORD_COUNT_LOW",,
tang-storage-size-cua-nodes,Dedicated - FPT Kubernetes Engine,FPT Container,,1,2,1,4,"FEWER_IMAGES, MISSING_HEADINGS, NO_TABLES, WORD_COUNT_LOW",,
tang-storage-size-cua-nfs,Dedicated - FPT Kubernetes Engine,FPT Container,,1,2,1,4,"FEWER_IMAGES, MISSING_HEADINGS, NO_TABLES, WORD_COUNT_LOW",,
them-nfs-persistent-storage,Dedicated - FPT Kubernetes Engine,FPT Container,,1,2,1,4,"FEWER_IMAGES, MISSING_HEADINGS, NO_TABLES, WORD_COUNT_LOW",,
manual-scale,Dedicated - FPT Kubernetes Engine,FPT Container,,1,2,1,4,"FEWER_IMAGES, MISSING_HEADINGS, NO_TABLES, WORD_COUNT_LOW",,
dfke-advanced-firewall,Dedicated - FPT Kubernetes Engine,FPT Container,,1,2,1,4,"FEWER_IMAGES, MISSING_HEADINGS, NO_TABLES, WORD_COUNT_LOW",,
backup-and-restore-cluster,Dedicated - FPT Kubernetes Engine,FPT Container,,1,2,1,4,"FEWER_IMAGES, MISSING_HEADINGS, NO_TABLES, WORD_COUNT_LOW",,
delete-ip-access,IAM,FPT Security,,1,2,1,4,"FEWER_IMAGES, MISSING_HEADINGS, NO_TABLES, WORD_COUNT_LOW",,
activity-log-ip-access,IAM,FPT Security,,1,2,1,4,"FEWER_IMAGES, MISSING_HEADINGS, NO_TABLES, WORD_COUNT_LOW",,
download-access-log,IAM,FPT Security,,1,2,1,4,"FEWER_IMAGES, MISSING_HEADINGS, NO_TABLES, WORD_COUNT_LOW",,
detection-status,FPT Cloud WAPPLES,FPT Security,,1,2,1,4,"FEWER_IMAGES, MISSING_HEADINGS, NO_TABLES, WORD_COUNT_LOW",,
service-status,FPT Cloud WAPPLES,FPT Security,,1,2,1,4,"FEWER_IMAGES, MISSING_HEADINGS, NO_TABLES, WORD_COUNT_LOW",,
load-balancing,FPT Cloud WAPPLES,FPT Security,,1,2,1,4,"FEWER_IMAGES, MISSING_HEADINGS, NO_TABLES, WORD_COUNT_LOW",,
graphical-analysis,FPT Cloud WAPPLES,FPT Security,,1,2,1,4,"FEWER_IMAGES, MISSING_HEADINGS, NO_TABLES, WORD_COUNT_LOW",,
detection-log-analysis,FPT Cloud WAPPLES,FPT Security,,1,2,1,4,"FEWER_IMAGES, MISSING_HEADINGS, NO_TABLES, WORD_COUNT_LOW",,
detection-logs,FPT Cloud WAPPLES,FPT Security,,1,2,1,4,"FEWER_IMAGES, MISSING_HEADINGS, NO_TABLES, WORD_COUNT_LOW",,
audit-logs,FPT Cloud WAPPLES,FPT Security,,1,2,1,4,"FEWER_IMAGES, MISSING_HEADINGS, NO_TABLES, WORD_COUNT_LOW",,
website-logs,FPT Cloud WAPPLES,FPT Security,,1,2,1,4,"FEWER_IMAGES, MISSING_HEADINGS, NO_TABLES, WORD_COUNT_LOW",,
proxy-ip,FPT Cloud WAPPLES,FPT Security,,1,2,1,4,"FEWER_IMAGES, MISSING_HEADINGS, NO_TABLES, WORD_COUNT_LOW",,
detinations-sever,FPT Cloud WAPPLES,FPT Security,,1,2,1,4,"FEWER_IMAGES, MISSING_HEADINGS, NO_TABLES, WORD_COUNT_LOW",,
network-filters-scheduling,FPT Cloud WAPPLES,FPT Security,,1,2,1,4,"FEWER_IMAGES, MISSING_HEADINGS, NO_TABLES, WORD_COUNT_LOW",,
policy-settings,FPT Cloud WAPPLES,FPT Security,,1,2,1,4,"FEWER_IMAGES, MISSING_HEADINGS, NO_TABLES, WORD_COUNT_LOW",,
x-forwarder-for,FPT Cloud WAPPLES,FPT Security,,1,2,1,4,"FEWER_IMAGES, MISSING_HEADINGS, NO_TABLES, WORD_COUNT_LOW",,
access-control,FPT Cloud WAPPLES,FPT Security,,1,2,1,4,"FEWER_IMAGES, MISSING_HEADINGS, NO_TABLES, WORD_COUNT_LOW",,
auto-blocking-filter,FPT Cloud WAPPLES,FPT Security,,1,2,1,4,"FEWER_IMAGES, MISSING_HEADINGS, NO_TABLES, WORD_COUNT_LOW",,
url-filter-settings,FPT Cloud WAPPLES,FPT Security,,1,2,1,4,"FEWER_IMAGES, MISSING_HEADINGS, NO_TABLES, WORD_COUNT_LOW",,
user-defined-pattern,FPT Cloud WAPPLES,FPT Security,,1,2,1,4,"FEWER_IMAGES, MISSING_HEADINGS, NO_TABLES, WORD_COUNT_LOW",,
privacy-filtering,FPT Cloud WAPPLES,FPT Security,,1,2,1,4,"FEWER_IMAGES, MISSING_HEADINGS, NO_TABLES, WORD_COUNT_LOW",,
malicious-ip,FPT Cloud WAPPLES,FPT Security,,1,2,1,4,"FEWER_IMAGES, MISSING_HEADINGS, NO_TABLES, WORD_COUNT_LOW",,
security-patch,FPT Cloud WAPPLES,FPT Security,,1,2,1,4,"FEWER_IMAGES, MISSING_HEADINGS, NO_TABLES, WORD_COUNT_LOW",,
report-scheduling,FPT Cloud WAPPLES,FPT Security,,1,2,1,4,"FEWER_IMAGES, MISSING_HEADINGS, NO_TABLES, WORD_COUNT_LOW",,
self-diagnostics,FPT Cloud WAPPLES,FPT Security,,1,2,1,4,"FEWER_IMAGES, MISSING_HEADINGS, NO_TABLES, WORD_COUNT_LOW",,
intergration,FPT Cloud WAPPLES,FPT Security,,1,2,1,4,"FEWER_IMAGES, MISSING_HEADINGS, NO_TABLES, WORD_COUNT_LOW",,
network,FPT Cloud WAPPLES,FPT Security,,1,2,1,4,"FEWER_IMAGES, MISSING_HEADINGS, NO_TABLES, WORD_COUNT_LOW",,
system,FPT Cloud WAPPLES,FPT Security,,1,2,1,4,"FEWER_IMAGES, MISSING_HEADINGS, NO_TABLES, WORD_COUNT_LOW",,
chinh-sua-may-chu-waf,FPT Cloud WAF,FPT Security,,1,2,1,4,"FEWER_IMAGES, MISSING_HEADINGS, NO_TABLES, WORD_COUNT_LOW",,
xoa-may-chu-waf,FPT Cloud WAF,FPT Security,,1,2,1,4,"FEWER_IMAGES, MISSING_HEADINGS, NO_TABLES, WORD_COUNT_LOW",,
tutorials-dang-nhap-waf-dashboard,FPT Cloud WAF,FPT Security,,1,2,1,4,"FEWER_IMAGES, MISSING_HEADINGS, NO_TABLES, WORD_COUNT_LOW",,
tao-moi-proxy-host,FPT Cloud WAF,FPT Security,,1,2,1,4,"FEWER_IMAGES, MISSING_HEADINGS, NO_TABLES, WORD_COUNT_LOW",,
xem-thong-tin-chi-tiet-proxy-host,FPT Cloud WAF,FPT Security,,1,2,1,4,"FEWER_IMAGES, MISSING_HEADINGS, NO_TABLES, WORD_COUNT_LOW",,
cap-nhat-thong-tin-cho-proxy-host,FPT Cloud WAF,FPT Security,,1,2,1,4,"FEWER_IMAGES, MISSING_HEADINGS, NO_TABLES, WORD_COUNT_LOW",,
battat-proxy-host,FPT Cloud WAF,FPT Security,,1,2,1,4,"FEWER_IMAGES, MISSING_HEADINGS, NO_TABLES, WORD_COUNT_LOW",,
xoa-proxy-host,FPT Cloud WAF,FPT Security,,1,2,1,4,"FEWER_IMAGES, MISSING_HEADINGS, NO_TABLES, WORD_COUNT_LOW",,
them-moi-stream-host,FPT Cloud WAF,FPT Security,,1,2,1,4,"FEWER_IMAGES, MISSING_HEADINGS, NO_TABLES, WORD_COUNT_LOW",,
quan-ly-404-host,FPT Cloud WAF,FPT Security,,1,2,1,4,"FEWER_IMAGES, MISSING_HEADINGS, NO_TABLES, WORD_COUNT_LOW",,
quan-ly-access-list,FPT Cloud WAF,FPT Security,,1,2,1,4,"FEWER_IMAGES, HEADING_COUNT_DIFF, MISSING_HEADINGS, WORD_COUNT_LOW",,
quan-ly-ssl-certificates,FPT Cloud WAF,FPT Security,,1,2,1,4,"FEWER_IMAGES, MISSING_HEADINGS, NO_TABLES, WORD_COUNT_LOW",,
quan-ly-security-rule-sets,FPT Cloud WAF,FPT Security,,1,2,1,4,"FEWER_IMAGES, MISSING_HEADINGS, NO_TABLES, WORD_COUNT_LOW",,
quan-ly-nguoi-dung-cua-waf-dashboard,FPT Cloud WAF,FPT Security,,1,2,1,4,"FEWER_IMAGES, MISSING_HEADINGS, NO_TABLES, WORD_COUNT_LOW",,
kiem-tra-trang-thai-target,FPT Cloud VA,FPT Security,,1,2,1,4,"FEWER_IMAGES, MISSING_HEADINGS, NO_TABLES, WORD_COUNT_LOW",,
update-target,FPT Cloud VA,FPT Security,,1,2,1,4,"FEWER_IMAGES, MISSING_HEADINGS, NO_TABLES, WORD_COUNT_LOW",,
scan-now,FPT Cloud VA,FPT Security,,1,2,1,4,"FEWER_IMAGES, MISSING_HEADINGS, NO_TABLES, WORD_COUNT_LOW",,
xoa-target,FPT Cloud VA,FPT Security,,1,2,1,4,"FEWER_IMAGES, MISSING_HEADINGS, NO_TABLES, WORD_COUNT_LOW",,
lay-header,FPT Cloud VA,FPT Security,,1,2,1,4,"FEWER_IMAGES, MISSING_HEADINGS, NO_TABLES, WORD_COUNT_LOW",,
lay-cookie,FPT Cloud VA,FPT Security,,1,2,1,4,"FEWER_IMAGES, MISSING_HEADINGS, NO_TABLES, WORD_COUNT_LOW",,
mo-remote-registry-window,FPT Cloud VA,FPT Security,,1,2,1,4,"FEWER_IMAGES, MISSING_HEADINGS, NO_TABLES, WORD_COUNT_LOW",,
dashboard-ket-qua-quet,FPT Cloud VA,FPT Security,,1,2,1,4,"FEWER_IMAGES, MISSING_HEADINGS, NO_TABLES, WORD_COUNT_LOW",,
xem-chi-tiet-ket-qua-quet,FPT Cloud VA,FPT Security,,1,2,1,4,"FEWER_IMAGES, MISSING_HEADINGS, NO_TABLES, WORD_COUNT_LOW",,
xem-ket-qua-quet-cu,FPT Cloud VA,FPT Security,,1,2,1,4,"FEWER_IMAGES, MISSING_HEADINGS, NO_TABLES, WORD_COUNT_LOW",,
xuat-bao-cao,FPT Cloud VA,FPT Security,,1,2,1,4,"FEWER_IMAGES, MISSING_HEADINGS, NO_TABLES, WORD_COUNT_LOW",,
truy-cap-giao-dien-quan-tri,Fortigate - FPT NGFW,FPT Security,,1,2,1,4,"FEWER_IMAGES, MISSING_HEADINGS, NO_TABLES, WORD_COUNT_LOW",,
cau-hinh-network-interfaces,Fortigate - FPT NGFW,FPT Security,,1,2,1,4,"FEWER_IMAGES, MISSING_HEADINGS, NO_TABLES, WORD_COUNT_LOW",,
cau-hinh-static-routes,Fortigate - FPT NGFW,FPT Security,,1,2,1,4,"FEWER_IMAGES, MISSING_HEADINGS, NO_TABLES, WORD_COUNT_LOW",,
tao-firewall-policy,Fortigate - FPT NGFW,FPT Security,,1,2,1,4,"FEWER_IMAGES, MISSING_HEADINGS, NO_TABLES, WORD_COUNT_LOW",,
xoa-firewall-policy,Fortigate - FPT NGFW,FPT Security,,1,2,1,4,"FEWER_IMAGES, MISSING_HEADINGS, NO_TABLES, WORD_COUNT_LOW",,
tao-security-profile,Fortigate - FPT NGFW,FPT Security,,1,2,1,4,"FEWER_IMAGES, MISSING_HEADINGS, NO_TABLES, WORD_COUNT_LOW",,
quan-ly-system-user-user-profile,Fortigate - FPT NGFW,FPT Security,,1,2,1,4,"FEWER_IMAGES, MISSING_HEADINGS, NO_TABLES, WORD_COUNT_LOW",,
feature-visibility,Fortigate - FPT NGFW,FPT Security,,1,2,1,4,"FEWER_IMAGES, MISSING_HEADINGS, NO_TABLES, WORD_COUNT_LOW",,
hien-thi-logs-traffic,Fortigate - FPT NGFW,FPT Security,,1,2,1,4,"FEWER_IMAGES, MISSING_HEADINGS, NO_TABLES, WORD_COUNT_LOW",,
truy-cap-gaia-portal,CheckPoint - FPT NGFW,FPT Security,,1,2,1,4,"FEWER_IMAGES, MISSING_HEADINGS, NO_TABLES, WORD_COUNT_LOW",,
network-interface,CheckPoint - FPT NGFW,FPT Security,,1,2,1,4,"FEWER_IMAGES, MISSING_HEADINGS, NO_TABLES, WORD_COUNT_LOW",,
static-route,CheckPoint - FPT NGFW,FPT Security,,1,2,1,4,"FEWER_IMAGES, MISSING_HEADINGS, NO_TABLES, WORD_COUNT_LOW",,
cau-hinh-dns,CheckPoint - FPT NGFW,FPT Security,,1,2,1,4,"FEWER_IMAGES, MISSING_HEADINGS, NO_TABLES, WORD_COUNT_LOW",,
update-hotfix,CheckPoint - FPT NGFW,FPT Security,,1,2,1,4,"FEWER_IMAGES, MISSING_HEADINGS, NO_TABLES, WORD_COUNT_LOW",,
truy-cap-smartconsole,CheckPoint - FPT NGFW,FPT Security,,1,2,1,4,"FEWER_IMAGES, MISSING_HEADINGS, NO_TABLES, WORD_COUNT_LOW",,
install-policy,CheckPoint - FPT NGFW,FPT Security,,1,2,1,4,"FEWER_IMAGES, MISSING_HEADINGS, NO_TABLES, WORD_COUNT_LOW",,
tao-object,CheckPoint - FPT NGFW,FPT Security,,1,2,1,4,"FEWER_IMAGES, MISSING_HEADINGS, NO_TABLES, WORD_COUNT_LOW",,
tao-rule-firewall,CheckPoint - FPT NGFW,FPT Security,,1,2,1,4,"FEWER_IMAGES, MISSING_HEADINGS, NO_TABLES, WORD_COUNT_LOW",,
tao-rule-nat,CheckPoint - FPT NGFW,FPT Security,,1,2,1,4,"FEWER_IMAGES, MISSING_HEADINGS, NO_TABLES, WORD_COUNT_LOW",,
dieu-tra-log,CheckPoint - FPT NGFW,FPT Security,,1,2,1,4,"FEWER_IMAGES, MISSING_HEADINGS, NO_TABLES, WORD_COUNT_LOW",,
quan-ly-blades,CheckPoint - FPT NGFW,FPT Security,,1,2,1,4,"FEWER_IMAGES, MISSING_HEADINGS, NO_TABLES, WORD_COUNT_LOW",,
quan-ly-account,CheckPoint - FPT NGFW,FPT Security,,1,2,1,4,"FEWER_IMAGES, MISSING_HEADINGS, NO_TABLES, WORD_COUNT_LOW",,
test-send-email,FPT Reporting,FPT Monitoring,,1,2,1,4,"FEWER_IMAGES, MISSING_HEADINGS, NO_TABLES, WORD_COUNT_LOW",,
edit-report,FPT Reporting,FPT Monitoring,,1,2,1,4,"FEWER_IMAGES, MISSING_HEADINGS, NO_TABLES, WORD_COUNT_LOW",,
delete-report,FPT Reporting,FPT Monitoring,,1,2,1,4,"FEWER_IMAGES, MISSING_HEADINGS, NO_TABLES, WORD_COUNT_LOW",,
xem-danh-sach-workspaces,FPT Cloud Monitoring,FPT Monitoring,,1,2,1,4,"FEWER_IMAGES, MISSING_HEADINGS, NO_TABLES, WORD_COUNT_LOW",,
xem-chi-tiet-workspace,FPT Cloud Monitoring,FPT Monitoring,,1,2,1,4,"FEWER_IMAGES, MISSING_HEADINGS, NO_TABLES, WORD_COUNT_LOW",,
configuration-tab,FPT Cloud Monitoring,FPT Monitoring,,1,2,1,4,"FEWER_IMAGES, MISSING_HEADINGS, NO_TABLES, WORD_COUNT_LOW",,
user-management-tab,FPT Cloud Monitoring,FPT Monitoring,,1,2,1,4,"FEWER_IMAGES, MISSING_HEADINGS, NO_TABLES, WORD_COUNT_LOW",,
quota-and-package-tab,FPT Cloud Monitoring,FPT Monitoring,,1,2,1,4,"FEWER_IMAGES, MISSING_HEADINGS, NO_TABLES, WORD_COUNT_LOW",,
monitor-infrastructure-platform,FPT Cloud Monitoring,FPT Monitoring,,1,2,1,4,"FEWER_IMAGES, MISSING_HEADINGS, NO_TABLES, WORD_COUNT_LOW",,
monitor-applications,FPT Cloud Monitoring,FPT Monitoring,,1,2,1,4,"FEWER_IMAGES, MISSING_HEADINGS, NO_TABLES, WORD_COUNT_LOW",,
truy-cap-vao-dashboard,FPT Cloud Monitoring,FPT Monitoring,,1,2,1,4,"FEWER_IMAGES, MISSING_HEADINGS, NO_TABLES, WORD_COUNT_LOW",,
fcmon-dashboard-template,FPT Cloud Monitoring,FPT Monitoring,,1,2,1,4,"FEWER_IMAGES, MISSING_HEADINGS, NO_TABLES, WORD_COUNT_LOW",,
alerting,FPT Cloud Monitoring,FPT Monitoring,,1,2,1,4,"FEWER_IMAGES, MISSING_HEADINGS, NO_TABLES, WORD_COUNT_LOW",,
explore-data,FPT Cloud Monitoring,FPT Monitoring,,1,2,1,4,"FEWER_IMAGES, MISSING_HEADINGS, NO_TABLES, WORD_COUNT_LOW",,
quan-tri-user,FPT Cloud Monitoring,FPT Monitoring,,1,2,1,4,"FEWER_IMAGES, MISSING_HEADINGS, NO_TABLES, WORD_COUNT_LOW",,
khoi-tao-canh-bao-object-storage,FPT Cloud Guard,FPT Monitoring,,1,2,1,4,"FEWER_IMAGES, MISSING_HEADINGS, NO_TABLES, WORD_COUNT_LOW",,
kiem-tra-trang-thai-cua-alert,FPT Cloud Guard,FPT Monitoring,,1,2,1,4,"FEWER_IMAGES, MISSING_HEADINGS, NO_TABLES, WORD_COUNT_LOW",,
bat-tat-alert,FPT Cloud Guard,FPT Monitoring,,1,2,1,4,"FEWER_IMAGES, MISSING_HEADINGS, NO_TABLES, WORD_COUNT_LOW",,
chinh-sua-alert,FPT Cloud Guard,FPT Monitoring,,1,2,1,4,"FEWER_IMAGES, MISSING_HEADINGS, NO_TABLES, WORD_COUNT_LOW",,
xoa-alert,FPT Cloud Guard,FPT Monitoring,,1,2,1,4,"FEWER_IMAGES, MISSING_HEADINGS, NO_TABLES, WORD_COUNT_LOW",,
Recipient-la-gi,FPT Cloud Guard,FPT Monitoring,,1,2,1,4,"FEWER_IMAGES, MISSING_HEADINGS, NO_TABLES, WORD_COUNT_LOW",,
tao-moi-recipient,FPT Cloud Guard,FPT Monitoring,,1,2,1,4,"FEWER_IMAGES, MISSING_HEADINGS, NO_TABLES, WORD_COUNT_LOW",,
recipient-teams,FPT Cloud Guard,FPT Monitoring,,1,2,1,4,"FEWER_IMAGES, MISSING_HEADINGS, NO_TABLES, WORD_COUNT_LOW",,
chinh-sua-recipient,FPT Cloud Guard,FPT Monitoring,,1,2,1,4,"FEWER_IMAGES, MISSING_HEADINGS, NO_TABLES, WORD_COUNT_LOW",,
xoa-recipient,FPT Cloud Guard,FPT Monitoring,,1,2,1,4,"FEWER_IMAGES, MISSING_HEADINGS, NO_TABLES, WORD_COUNT_LOW",,
install-veeam-agent-for-linux,FPT Backup As a Service,FPT Cloud Backup & DR,,1,2,1,4,"FEWER_IMAGES, MISSING_HEADINGS, NO_TABLES, WORD_COUNT_LOW",,
install-veeam-agent-for-windows,FPT Backup As a Service,FPT Cloud Backup & DR,,1,2,1,4,"FEWER_IMAGES, MISSING_HEADINGS, NO_TABLES, WORD_COUNT_LOW",,
restore-file-and-folder-for-linux,FPT Backup As a Service,FPT Cloud Backup & DR,,1,2,1,4,"FEWER_IMAGES, MISSING_HEADINGS, NO_TABLES, WORD_COUNT_LOW",,
restore-file-and-folder-for-windows,FPT Backup As a Service,FPT Cloud Backup & DR,,1,2,1,4,"FEWER_IMAGES, MISSING_HEADINGS, NO_TABLES, WORD_COUNT_LOW",,
restore-linux-vm-from-cloud-repository,FPT Backup As a Service,FPT Cloud Backup & DR,,1,2,1,4,"FEWER_IMAGES, MISSING_HEADINGS, NO_TABLES, WORD_COUNT_LOW",,
create-veeam-recovery-media,FPT Backup As a Service,FPT Cloud Backup & DR,,1,2,1,4,"FEWER_IMAGES, MISSING_HEADINGS, NO_TABLES, WORD_COUNT_LOW",,
managing-alarms,FPT Backup As a Service,FPT Cloud Backup & DR,,1,2,1,4,"FEWER_IMAGES, MISSING_HEADINGS, NO_TABLES, WORD_COUNT_LOW",,
tutorials-khoi-tao-vault-instance,FPT Key Vault,FPT DevSecOps Services,,1,2,1,4,"FEWER_IMAGES, MISSING_HEADINGS, NO_TABLES, WORD_COUNT_LOW",,
tutorials-tao-secret-engine,FPT Key Vault,FPT DevSecOps Services,,1,2,1,4,"FEWER_IMAGES, MISSING_HEADINGS, NO_TABLES, WORD_COUNT_LOW",,
tutorials-xoa-secret-engine,FPT Key Vault,FPT DevSecOps Services,,1,2,1,4,"FEWER_IMAGES, MISSING_HEADINGS, NO_TABLES, WORD_COUNT_LOW",,
tutorials-tao-secret-tren-secret-engine,FPT Key Vault,FPT DevSecOps Services,,1,2,1,4,"FEWER_IMAGES, MISSING_HEADINGS, NO_TABLES, WORD_COUNT_LOW",,
tutorials-xoa-secret,FPT Key Vault,FPT DevSecOps Services,,1,2,1,4,"FEWER_IMAGES, MISSING_HEADINGS, NO_TABLES, WORD_COUNT_LOW",,
tutorials-tao-policy,FPT Key Vault,FPT DevSecOps Services,,1,2,1,4,"FEWER_IMAGES, MISSING_HEADINGS, NO_TABLES, WORD_COUNT_LOW",,
tutorials-xoa-policy,FPT Key Vault,FPT DevSecOps Services,,1,2,1,4,"FEWER_IMAGES, MISSING_HEADINGS, NO_TABLES, WORD_COUNT_LOW",,
tutorials-tao-auth-method,FPT Key Vault,FPT DevSecOps Services,,1,2,1,4,"FEWER_IMAGES, MISSING_HEADINGS, NO_TABLES, WORD_COUNT_LOW",,
tutorials-tao-role,FPT Key Vault,FPT DevSecOps Services,,1,2,1,4,"FEWER_IMAGES, MISSING_HEADINGS, NO_TABLES, WORD_COUNT_LOW",,
xem-thong-tin-chi-tiet-jenkins-CI-instance,FPT Jenkins CI,FPT DevSecOps Services,,1,2,1,4,"FEWER_IMAGES, MISSING_HEADINGS, NO_TABLES, WORD_COUNT_LOW",,
them-moi-mot-agent,FPT Jenkins CI,FPT DevSecOps Services,,1,2,1,4,"FEWER_IMAGES, MISSING_HEADINGS, NO_TABLES, WORD_COUNT_LOW",,
cap-nhat-thong-tin-cau-hinh-agent,FPT Jenkins CI,FPT DevSecOps Services,,1,2,1,4,"FEWER_IMAGES, MISSING_HEADINGS, NO_TABLES, WORD_COUNT_LOW",,
xoa-agent-khi-khong-muon-su-dung,FPT Jenkins CI,FPT DevSecOps Services,,1,2,1,4,"FEWER_IMAGES, MISSING_HEADINGS, NO_TABLES, WORD_COUNT_LOW",,
them-moi-mot-credential,FPT Jenkins CI,FPT DevSecOps Services,,1,2,1,4,"FEWER_IMAGES, MISSING_HEADINGS, NO_TABLES, WORD_COUNT_LOW",,
cap-nhat-mot-credential,FPT Jenkins CI,FPT DevSecOps Services,,1,2,1,4,"FEWER_IMAGES, MISSING_HEADINGS, NO_TABLES, WORD_COUNT_LOW",,
xoa-mot-credential,FPT Jenkins CI,FPT DevSecOps Services,,1,2,1,4,"FEWER_IMAGES, MISSING_HEADINGS, NO_TABLES, WORD_COUNT_LOW",,
cau-hinh-email-notifications,FPT Jenkins CI,FPT DevSecOps Services,,1,2,1,4,"FEWER_IMAGES, MISSING_HEADINGS, NO_TABLES, WORD_COUNT_LOW",,
cau-hinh-sonarqube-servers,FPT Jenkins CI,FPT DevSecOps Services,,1,2,1,4,"FEWER_IMAGES, MISSING_HEADINGS, NO_TABLES, WORD_COUNT_LOW",,
cau-hinh-telegram-bots,FPT Jenkins CI,FPT DevSecOps Services,,1,2,1,4,"FEWER_IMAGES, MISSING_HEADINGS, NO_TABLES, WORD_COUNT_LOW",,
upgrade-version,FPT Jenkins CI,FPT DevSecOps Services,,1,2,1,4,"FEWER_IMAGES, MISSING_HEADINGS, NO_TABLES, WORD_COUNT_LOW",,
nang-cap-goi-dich-vu,FPT Jenkins CI,FPT DevSecOps Services,,1,2,1,4,"FEWER_IMAGES, MISSING_HEADINGS, NO_TABLES, WORD_COUNT_LOW",,
xoa-jenkins-instance-khi-khong-muon-su-dung,FPT Jenkins CI,FPT DevSecOps Services,,1,2,1,4,"FEWER_IMAGES, MISSING_HEADINGS, NO_TABLES, WORD_COUNT_LOW",,
huong-dan-dang-nhap-vao-fpt-cloud-jenkins-ci,FPT Jenkins CI,FPT DevSecOps Services,,1,2,1,4,"FEWER_IMAGES, MISSING_HEADINGS, NO_TABLES, WORD_COUNT_LOW",,
huong-dan-tao-jobs-tren-jenkins-chay-tren-fpt-cloud-agent,FPT Jenkins CI,FPT DevSecOps Services,,1,2,1,4,"FEWER_IMAGES, MISSING_HEADINGS, NO_TABLES, WORD_COUNT_LOW",,
huong-dan-cau-hinh-nodes-build-tren-jenkins,FPT Jenkins CI,FPT DevSecOps Services,,1,2,1,4,"FEWER_IMAGES, MISSING_HEADINGS, NO_TABLES, WORD_COUNT_LOW",,
xem-thong-tin-chi-tiet-argocd,FPT ArgoCD,FPT DevSecOps Services,,1,2,1,4,"FEWER_IMAGES, MISSING_HEADINGS, NO_TABLES, WORD_COUNT_LOW",,
add-cluster-toi-argocd,FPT ArgoCD,FPT DevSecOps Services,,1,2,1,4,"FEWER_IMAGES, MISSING_HEADINGS, NO_TABLES, WORD_COUNT_LOW",,
enable-disable-argocd-images-updater,FPT ArgoCD,FPT DevSecOps Services,,1,2,1,4,"FEWER_IMAGES, MISSING_HEADINGS, NO_TABLES, WORD_COUNT_LOW",,
cau-hinh-log-level,FPT ArgoCD,FPT DevSecOps Services,,1,2,1,4,"FEWER_IMAGES, MISSING_HEADINGS, NO_TABLES, WORD_COUNT_LOW",,
quan-ly-secret,FPT ArgoCD,FPT DevSecOps Services,,1,2,1,4,"FEWER_IMAGES, MISSING_HEADINGS, NO_TABLES, WORD_COUNT_LOW",,
quan-ly-registry-secret,FPT ArgoCD,FPT DevSecOps Services,,1,2,1,4,"FEWER_IMAGES, MISSING_HEADINGS, NO_TABLES, WORD_COUNT_LOW",,
quan-ly-container-registry,FPT ArgoCD,FPT DevSecOps Services,,1,2,1,4,"FEWER_IMAGES, MISSING_HEADINGS, NO_TABLES, WORD_COUNT_LOW",,
add-moi-webhook-secret,FPT ArgoCD,FPT DevSecOps Services,,1,2,1,4,"FEWER_IMAGES, MISSING_HEADINGS, NO_TABLES, WORD_COUNT_LOW",,
edit-webhook-secret,FPT ArgoCD,FPT DevSecOps Services,,1,2,1,4,"FEWER_IMAGES, MISSING_HEADINGS, NO_TABLES, WORD_COUNT_LOW",,
delete-webhook-secret,FPT ArgoCD,FPT DevSecOps Services,,1,2,1,4,"FEWER_IMAGES, MISSING_HEADINGS, NO_TABLES, WORD_COUNT_LOW",,
cau-hinh-build-option-cho-kustomize,FPT ArgoCD,FPT DevSecOps Services,,1,2,1,4,"FEWER_IMAGES, MISSING_HEADINGS, NO_TABLES, WORD_COUNT_LOW",,
cau-hinh-timereconcile,FPT ArgoCD,FPT DevSecOps Services,,1,2,1,4,"FEWER_IMAGES, MISSING_HEADINGS, NO_TABLES, WORD_COUNT_LOW",,
cau-hinh-rbac,FPT ArgoCD,FPT DevSecOps Services,,1,2,1,4,"FEWER_IMAGES, MISSING_HEADINGS, NO_TABLES, WORD_COUNT_LOW",,
cau-hinh-whitelist-ip,FPT ArgoCD,FPT DevSecOps Services,,1,2,1,4,"FEWER_IMAGES, MISSING_HEADINGS, NO_TABLES, WORD_COUNT_LOW",,
nang-goi-dich-vu-dang-su-dung,FPT ArgoCD,FPT DevSecOps Services,,1,2,1,4,"FEWER_IMAGES, MISSING_HEADINGS, NO_TABLES, WORD_COUNT_LOW",,
tao-moi-account-tren-portal,FPT ArgoCD,FPT DevSecOps Services,,1,2,1,4,"FEWER_IMAGES, MISSING_HEADINGS, NO_TABLES, WORD_COUNT_LOW",,
enable-disable-account,FPT ArgoCD,FPT DevSecOps Services,,1,2,1,4,"FEWER_IMAGES, MISSING_HEADINGS, NO_TABLES, WORD_COUNT_LOW",,
mange-admin-account,FPT ArgoCD,FPT DevSecOps Services,,1,2,1,4,"FEWER_IMAGES, MISSING_HEADINGS, NO_TABLES, WORD_COUNT_LOW",,
update-admin-password,FPT ArgoCD,FPT DevSecOps Services,,1,2,1,4,"FEWER_IMAGES, MISSING_HEADINGS, NO_TABLES, WORD_COUNT_LOW",,
enable-disable-anonymous-user,FPT ArgoCD,FPT DevSecOps Services,,1,2,1,4,"FEWER_IMAGES, MISSING_HEADINGS, NO_TABLES, WORD_COUNT_LOW",,
enable-disable-admin-user,FPT ArgoCD,FPT DevSecOps Services,,1,2,1,4,"FEWER_IMAGES, MISSING_HEADINGS, NO_TABLES, WORD_COUNT_LOW",,
enable-disable-chuc-nang-cau-hinh-oidc,FPT ArgoCD,FPT DevSecOps Services,,1,2,1,4,"FEWER_IMAGES, MISSING_HEADINGS, NO_TABLES, WORD_COUNT_LOW",,
cau-hinh-oidc-config,FPT ArgoCD,FPT DevSecOps Services,,1,2,1,4,"FEWER_IMAGES, MISSING_HEADINGS, NO_TABLES, WORD_COUNT_LOW",,
update-cau-hinh-oidc,FPT ArgoCD,FPT DevSecOps Services,,1,2,1,4,"FEWER_IMAGES, MISSING_HEADINGS, NO_TABLES, WORD_COUNT_LOW",,
delete-oidc-da-cau-hinh,FPT ArgoCD,FPT DevSecOps Services,,1,2,1,4,"FEWER_IMAGES, MISSING_HEADINGS, NO_TABLES, WORD_COUNT_LOW",,
cho-phep-enable-applications-set,FPT ArgoCD,FPT DevSecOps Services,,1,2,1,4,"FEWER_IMAGES, MISSING_HEADINGS, NO_TABLES, WORD_COUNT_LOW",,
enable-disable-notificaions,FPT ArgoCD,FPT DevSecOps Services,,1,2,1,4,"FEWER_IMAGES, MISSING_HEADINGS, NO_TABLES, WORD_COUNT_LOW",,
cau-hinh-channel-de-thuc-hien-gui-thong-bao,FPT ArgoCD,FPT DevSecOps Services,,1,2,1,4,"FEWER_IMAGES, MISSING_HEADINGS, NO_TABLES, WORD_COUNT_LOW",,
huong-dan-dang-nhap-vao-argocd,FPT ArgoCD,FPT DevSecOps Services,,1,2,1,4,"FEWER_IMAGES, MISSING_HEADINGS, NO_TABLES, WORD_COUNT_LOW",,
huong-dan-cau-hinh-argocd-cluster-de-deploy-ung-dung-voi-manifes,FPT ArgoCD,FPT DevSecOps Services,,1,2,1,4,"FEWER_IMAGES, MISSING_HEADINGS, NO_TABLES, WORD_COUNT_LOW",,
thuc-hien-cau-hinh-webhook-voi-webhook-secret-da-duoc-tao,FPT ArgoCD,FPT DevSecOps Services,,1,2,1,4,"FEWER_IMAGES, MISSING_HEADINGS, NO_TABLES, WORD_COUNT_LOW",,
huong-dan-deploy-mot-appliations-voi-kustomize-su-dung-build-options,FPT ArgoCD,FPT DevSecOps Services,,1,2,1,4,"FEWER_IMAGES, MISSING_HEADINGS, NO_TABLES, WORD_COUNT_LOW",,
huong-dan-deploy-applications-qua-helm-chart-repo,FPT ArgoCD,FPT DevSecOps Services,,1,2,1,4,"FEWER_IMAGES, MISSING_HEADINGS, NO_TABLES, WORD_COUNT_LOW",,
huong-dan-deploy-applications-qua-argocd-cli,FPT ArgoCD,FPT DevSecOps Services,,1,2,1,4,"FEWER_IMAGES, MISSING_HEADINGS, NO_TABLES, WORD_COUNT_LOW",,
huong-dan-su-dung-applicationset-de-deploy,FPT ArgoCD,FPT DevSecOps Services,,1,2,1,4,"FEWER_IMAGES, MISSING_HEADINGS, NO_TABLES, WORD_COUNT_LOW",,
huong-dan-cau-hinh-notifications-de-nhan-thong-bao,FPT ArgoCD,FPT DevSecOps Services,,1,2,1,4,"FEWER_IMAGES, MISSING_HEADINGS, NO_TABLES, WORD_COUNT_LOW",,
huong-dan-tich-hop-oidc-de-quan-ly-account,FPT ArgoCD,FPT DevSecOps Services,,1,2,1,4,"FEWER_IMAGES, MISSING_HEADINGS, NO_TABLES, WORD_COUNT_LOW",,
quan-ly-rest-apis,FPT API Management,FPT Integration,,1,2,1,4,"FEWER_IMAGES, MISSING_HEADINGS, NO_TABLES, WORD_COUNT_LOW",,
quan-ly-products,FPT API Management,FPT Integration,,1,2,1,4,"FEWER_IMAGES, MISSING_HEADINGS, NO_TABLES, WORD_COUNT_LOW",,
quan-ly-api-site,FPT API Management,FPT Integration,,1,2,1,4,"FEWER_IMAGES, MISSING_HEADINGS, NO_TABLES, WORD_COUNT_LOW",,
huong-dan-su-dung-cho-api-consumer,FPT API Management,FPT Integration,,1,2,1,4,"FEWER_IMAGES, MISSING_HEADINGS, NO_TABLES, WORD_COUNT_LOW",,
login-console,Managed - FPT Database Engines,FPT Database Engine,,1,2,1,4,"FEWER_IMAGES, MISSING_HEADINGS, NO_TABLES, WORD_COUNT_LOW",,
kafka-user,Managed - FPT Database Engines,FPT Database Engine,,1,2,1,4,"FEWER_IMAGES, MISSING_HEADINGS, NO_TABLES, WORD_COUNT_LOW",,
log,Managed - FPT Database Engines,FPT Database Engine,,1,2,1,4,"FEWER_IMAGES, MISSING_HEADINGS, NO_TABLES, WORD_COUNT_LOW",,
Migration-cho-SQLServer,Managed - FPT Database Engines,FPT Database Engine,,1,2,1,4,"FEWER_IMAGES, MISSING_HEADINGS, NO_TABLES, WORD_COUNT_LOW",,
setting-agert,Trellix Customer Guide,Support,,1,2,1,4,"FEWER_IMAGES, MISSING_HEADINGS, NO_TABLES, WORD_COUNT_LOW",,
view-log,Trellix Customer Guide,Support,,1,2,1,4,"FEWER_IMAGES, MISSING_HEADINGS, NO_TABLES, WORD_COUNT_LOW",,
create-request-resource,Request Resource,Support,,1,2,1,4,"FEWER_IMAGES, MISSING_HEADINGS, NO_TABLES, WORD_COUNT_LOW",,
view-request-resource,Request Resource,Support,,1,2,1,4,"FEWER_IMAGES, MISSING_HEADINGS, NO_TABLES, WORD_COUNT_LOW",,
fqas-2,Request Resource,Support,,1,2,1,4,"FEWER_IMAGES, MISSING_HEADINGS, NO_TABLES, WORD_COUNT_LOW",,
cost-explorer-dimension-service,Cost Explorer,Billing,,1,2,1,4,"FEWER_IMAGES, MISSING_HEADINGS, NO_TABLES, WORD_COUNT_LOW",,
cost-explorer-dimension-resource-type,Cost Explorer,Billing,,1,2,1,4,"FEWER_IMAGES, MISSING_HEADINGS, NO_TABLES, WORD_COUNT_LOW",,
view-bills,Bills,Billing,,1,2,1,4,"FEWER_IMAGES, MISSING_HEADINGS, NO_TABLES, WORD_COUNT_LOW",,
view-bill-charges-by-service,Bills,Billing,,1,2,1,4,"FEWER_IMAGES, MISSING_HEADINGS, NO_TABLES, WORD_COUNT_LOW",,
view-bill-charges-by-resource,Bills,Billing,,1,2,1,4,"FEWER_IMAGES, MISSING_HEADINGS, NO_TABLES, WORD_COUNT_LOW",,
download-bills,Bills,Billing,,1,2,1,4,"FEWER_IMAGES, MISSING_HEADINGS, NO_TABLES, WORD_COUNT_LOW",,
billing-permission,Bills,Billing,,1,2,1,4,"FEWER_IMAGES, MISSING_HEADINGS, NO_TABLES, WORD_COUNT_LOW",,
aspm_v1.3.0,FPT AppSec,FPT Security Platform,,1,2,1,4,"FEWER_IMAGES, MISSING_HEADINGS, NO_TABLES, WORD_COUNT_LOW",,
aspm_v1.2.1,FPT AppSec,FPT Security Platform,,1,2,1,4,"FEWER_IMAGES, MISSING_HEADINGS, NO_TABLES, WORD_COUNT_LOW",,
guide-dashboard-overview,FPT AppSec,FPT Security Platform,,1,2,1,4,"FEWER_IMAGES, MISSING_HEADINGS, NO_TABLES, WORD_COUNT_LOW",,
gioi-thieu-Organization,FPT AppSec,FPT Security Platform,,1,2,1,4,"FEWER_IMAGES, MISSING_HEADINGS, NO_TABLES, WORD_COUNT_LOW",,
chinh-sua-thong-tin-org,FPT AppSec,FPT Security Platform,,1,2,1,4,"FEWER_IMAGES, MISSING_HEADINGS, NO_TABLES, WORD_COUNT_LOW",,
quan-ly-member,FPT AppSec,FPT Security Platform,,1,2,1,4,"FEWER_IMAGES, MISSING_HEADINGS, NO_TABLES, WORD_COUNT_LOW",,
quan-ly-role,FPT AppSec,FPT Security Platform,,1,2,1,4,"FEWER_IMAGES, MISSING_HEADINGS, NO_TABLES, WORD_COUNT_LOW",,
quan-ly-teams-org,FPT AppSec,FPT Security Platform,,1,2,1,4,"FEWER_IMAGES, MISSING_HEADINGS, NO_TABLES, WORD_COUNT_LOW",,
quan-ly-team,FPT AppSec,FPT Security Platform,,1,2,1,4,"FEWER_IMAGES, MISSING_HEADINGS, NO_TABLES, WORD_COUNT_LOW",,
cai-dat-team,FPT AppSec,FPT Security Platform,,1,2,1,4,"FEWER_IMAGES, MISSING_HEADINGS, NO_TABLES, WORD_COUNT_LOW",,
quan-ly-mem-team,FPT AppSec,FPT Security Platform,,1,2,1,4,"FEWER_IMAGES, MISSING_HEADINGS, NO_TABLES, WORD_COUNT_LOW",,
guide-integration,FPT AppSec,FPT Security Platform,,1,2,1,4,"FEWER_IMAGES, MISSING_HEADINGS, NO_TABLES, WORD_COUNT_LOW",,
guide-github,FPT AppSec,FPT Security Platform,,1,2,1,4,"FEWER_IMAGES, MISSING_HEADINGS, NO_TABLES, WORD_COUNT_LOW",,
guide-gitlab,FPT AppSec,FPT Security Platform,,1,2,1,4,"FEWER_IMAGES, MISSING_HEADINGS, NO_TABLES, WORD_COUNT_LOW",,
guide-gitlabserver,FPT AppSec,FPT Security Platform,,1,2,1,4,"FEWER_IMAGES, MISSING_HEADINGS, NO_TABLES, WORD_COUNT_LOW",,
guide-fcr,FPT AppSec,FPT Security Platform,,1,2,1,4,"FEWER_IMAGES, MISSING_HEADINGS, NO_TABLES, WORD_COUNT_LOW",,
guide-harbor,FPT AppSec,FPT Security Platform,,1,2,1,4,"FEWER_IMAGES, MISSING_HEADINGS, NO_TABLES, WORD_COUNT_LOW",,
guide-workspace,FPT AppSec,FPT Security Platform,,1,2,1,4,"FEWER_IMAGES, MISSING_HEADINGS, NO_TABLES, WORD_COUNT_LOW",,
guide-change-status-issue-list,FPT AppSec,FPT Security Platform,,1,2,1,4,"FEWER_IMAGES, MISSING_HEADINGS, NO_TABLES, WORD_COUNT_LOW",,
guide-change-status-issue-detail,FPT AppSec,FPT Security Platform,,1,2,1,4,"FEWER_IMAGES, MISSING_HEADINGS, NO_TABLES, WORD_COUNT_LOW",,
create-schedule,FPT AppSec,FPT Security Platform,,1,2,1,4,"FEWER_IMAGES, MISSING_HEADINGS, NO_TABLES, WORD_COUNT_LOW",,
schedule-edit,FPT AppSec,FPT Security Platform,,1,2,1,4,"FEWER_IMAGES, MISSING_HEADINGS, NO_TABLES, WORD_COUNT_LOW",,
schedule-delete,FPT AppSec,FPT Security Platform,,1,2,1,4,"FEWER_IMAGES, MISSING_HEADINGS, NO_TABLES, WORD_COUNT_LOW",,
xem-danh-sach-managed-gpu-cluster,Managed GPU Cluster (Kubernetes),AI Infrastructure,,1,2,1,4,"FEWER_IMAGES, MISSING_HEADINGS, NO_TABLES, WORD_COUNT_LOW",,
xoa-managed-gpu-cluster,Managed GPU Cluster (Kubernetes),AI Infrastructure,,1,2,1,4,"FEWER_IMAGES, MISSING_HEADINGS, NO_TABLES, WORD_COUNT_LOW",,
add-them-worker-group,Managed GPU Cluster (Kubernetes),AI Infrastructure,,1,2,1,4,"FEWER_IMAGES, MISSING_HEADINGS, NO_TABLES, WORD_COUNT_LOW",,
tinh-nang-manual-scale-managed-gpu-cluster,Managed GPU Cluster (Kubernetes),AI Infrastructure,,1,2,1,4,"FEWER_IMAGES, MISSING_HEADINGS, NO_TABLES, WORD_COUNT_LOW",,
chinh-sua-label-taint-cho-worker-group-managed-gpu-cluster,Managed GPU Cluster (Kubernetes),AI Infrastructure,,1,2,1,4,"FEWER_IMAGES, MISSING_HEADINGS, NO_TABLES, WORD_COUNT_LOW",,
tinh-nang-chuyen-worker-base-managed-gpu-cluster,Managed GPU Cluster (Kubernetes),AI Infrastructure,,1,2,1,4,"FEWER_IMAGES, MISSING_HEADINGS, NO_TABLES, WORD_COUNT_LOW",,
trien-khai-ung-dung-tren-worker-managed-gpu-cluster,Managed GPU Cluster (Kubernetes),AI Infrastructure,,1,2,1,4,"FEWER_IMAGES, MISSING_HEADINGS, NO_TABLES, WORD_COUNT_LOW",,
mps-gpu-sharing,Managed GPU Cluster (Kubernetes),AI Infrastructure,,1,2,1,4,"FEWER_IMAGES, MISSING_HEADINGS, NO_TABLES, WORD_COUNT_LOW",,
try-example-workload,Managed GPU Cluster (Kubernetes),AI Infrastructure,,1,2,1,4,"FEWER_IMAGES, MISSING_HEADINGS, NO_TABLES, WORD_COUNT_LOW",,
multi-nodes-example,Managed GPU Cluster (Kubernetes),AI Infrastructure,,1,2,1,4,"MISSING_HEADINGS, NO_IMAGES, NO_TABLES, WORD_COUNT_LOW",,
disable-VPN-S2S-connection,VPN Site-to-Site,FPT Network,,1,2,0,3,"FEWER_IMAGES, NO_TABLES, WORD_COUNT_LOW",,
enable-VPN-S2S-connection,VPN Site-to-Site,FPT Network,,1,2,0,3,"FEWER_IMAGES, NO_TABLES, WORD_COUNT_LOW",,
delete-VPN-S2S-connection,VPN Site-to-Site,FPT Network,,1,2,0,3,"FEWER_IMAGES, NO_TABLES, WORD_COUNT_LOW",,
connect-palo-alto,VPN Site-to-Site,FPT Network,,1,2,0,3,"FEWER_IMAGES, NO_TABLES, WORD_COUNT_LOW",,
connect-pfsense,VPN Site-to-Site,FPT Network,,1,2,0,3,"FEWER_IMAGES, NO_TABLES, WORD_COUNT_LOW",,
connect-strongswan,VPN Site-to-Site,FPT Network,,1,2,0,3,"FEWER_IMAGES, NO_TABLES, WORD_COUNT_LOW",,
connect-vyos-1.5,VPN Site-to-Site,FPT Network,,1,2,0,3,"FEWER_IMAGES, NO_TABLES, WORD_COUNT_LOW",,
connect-fci-fortigate,VPN Site-to-Site,FPT Network,,1,2,0,3,"FEWER_IMAGES, NO_TABLES, WORD_COUNT_LOW",,
action-management,VPN Site-to-Site,FPT Network,,1,2,0,3,"FEWER_IMAGES, NO_TABLES, WORD_COUNT_LOW",,
quan-ly-ssl-certificate,Load Balancer,FPT Network,,1,2,0,3,"FEWER_IMAGES, NO_TABLES, WORD_COUNT_LOW",,
backup-restore,FPT Cloud WAPPLES,FPT Security,,1,2,0,3,"FEWER_IMAGES, NO_TABLES, WORD_COUNT_LOW",,
create-ddos,DdoS Protection,FPT Security,,1,2,0,3,"FEWER_IMAGES, NO_TABLES, WORD_COUNT_LOW",,
tao-moi-fpt-jenkinsCI,FPT Jenkins CI,FPT DevSecOps Services,,1,2,0,3,"FEWER_IMAGES, NO_TABLES, WORD_COUNT_LOW",,
tao-moi-fpt-argocd,FPT ArgoCD,FPT DevSecOps Services,,1,2,0,3,"FEWER_IMAGES, NO_TABLES, WORD_COUNT_LOW",,
create-db,Managed - FPT Database Engines,FPT Database Engine,,1,2,0,3,"FEWER_IMAGES, MISSING_HEADINGS, WORD_COUNT_LOW",,
db-proxy,Managed - FPT Database Engines,FPT Database Engine,,1,2,0,3,"FEWER_IMAGES, MISSING_HEADINGS, WORD_COUNT_LOW",,
vertical-scaling,Managed - FPT Database Engines,FPT Database Engine,,1,2,0,3,"FEWER_IMAGES, MISSING_HEADINGS, WORD_COUNT_LOW",,
report-export,Managed - FPT Database Engines,FPT Database Engine,,1,2,0,3,"FEWER_IMAGES, MISSING_HEADINGS, WORD_COUNT_LOW",,
report-schedule,Managed - FPT Database Engines,FPT Database Engine,,1,2,0,3,"FEWER_IMAGES, MISSING_HEADINGS, WORD_COUNT_LOW",,
detail-dasboard,FPT AppSec,FPT Security Platform,,1,2,0,3,"FEWER_IMAGES, NO_TABLES, WORD_COUNT_LOW",,
quan-ly-managed-gpu-cluster,Managed GPU Cluster (Kubernetes),AI Infrastructure,,1,2,0,3,"FEWER_IMAGES, NO_TABLES, WORD_COUNT_LOW",,
quan-ly-mountpoint,File Storage - High Performance,FPT Storage,,1,1,1,3,"MISSING_HEADINGS, NO_IMAGES, WORD_COUNT_LOW",,
create-customergw,VPN Site-to-Site,FPT Network,,1,1,1,3,"FEWER_IMAGES, MISSING_HEADINGS, WORD_COUNT_LOW",,
edit-customergw,VPN Site-to-Site,FPT Network,,1,1,1,3,"FEWER_IMAGES, MISSING_HEADINGS, WORD_COUNT_LOW",,
logging,VPN Site-to-Site,FPT Network,,1,1,1,3,"FEWER_IMAGES, MISSING_HEADINGS, WORD_COUNT_LOW",,
khoi-tao-server-pool,Load Balancer,FPT Network,,1,1,1,3,"MISSING_HEADINGS, NO_IMAGES, WORD_COUNT_LOW",,
tong-quan-dich-vu-GPU,FPT Kubernetes Engine with GPU,FPT Container,,1,1,1,3,"MISSING_HEADINGS, NO_IMAGES, WORD_COUNT_LOW",,
them-moi-tag-retention-rule,FPT Container Registry,FPT Container,,1,1,1,3,"FEWER_IMAGES, MISSING_HEADINGS, WORD_COUNT_LOW",,
cau-hinh-lap-lich-chay-retention-rule,FPT Container Registry,FPT Container,,1,1,1,3,"FEWER_IMAGES, MISSING_HEADINGS, WORD_COUNT_LOW",,
tao-moi-robot-account,FPT Container Registry,FPT Container,,1,1,1,3,"FEWER_IMAGES, MISSING_HEADINGS, WORD_COUNT_LOW",,
cem-chi-tiet-quota-dich-vu,FPT Container Registry,FPT Container,,1,1,1,3,"FEWER_IMAGES, MISSING_HEADINGS, WORD_COUNT_LOW",,
tutorials-them-moi-may-chu-waf,FPT Cloud WAF,FPT Security,,1,1,1,3,"FEWER_IMAGES, MISSING_HEADINGS, WORD_COUNT_LOW",,
monitor-waf-voi-dashboard-overview,FPT Cloud WAF,FPT Security,,1,1,1,3,"FEWER_IMAGES, MISSING_HEADINGS, WORD_COUNT_LOW",,
quan-ly-redirection-host,FPT Cloud WAF,FPT Security,,1,1,1,3,"FEWER_IMAGES, MISSING_HEADINGS, WORD_COUNT_LOW",,
view-detail,FPT Reporting,FPT Monitoring,,1,1,1,3,"FEWER_IMAGES, MISSING_HEADINGS, WORD_COUNT_LOW",,
khoi-tao-mot-alert-moi-activity-alert,FPT Cloud Guard,FPT Monitoring,,1,1,1,3,"FEWER_IMAGES, MISSING_HEADINGS, WORD_COUNT_LOW",,
khoi-tao-mot-alert-moi-threat-alert,FPT Cloud Guard,FPT Monitoring,,1,1,1,3,"FEWER_IMAGES, MISSING_HEADINGS, WORD_COUNT_LOW",,
huong-dan-tao-jenkins-pipeline-ci-cd-tich-hop-cac-tinh-nang-tren-portal,FPT Jenkins CI,FPT DevSecOps Services,,1,1,1,3,"FEWER_IMAGES, MISSING_HEADINGS, WORD_COUNT_LOW",,
huong-dan-tich-hop-argocd-images-updater,FPT ArgoCD,FPT DevSecOps Services,,1,1,1,3,"FEWER_IMAGES, MISSING_HEADINGS, WORD_COUNT_LOW",,
dang-ky-dich-vu-api-management-tren-fpt-portal,FPT API Management,FPT Integration,,1,1,1,3,"FEWER_IMAGES, MISSING_HEADINGS, WORD_COUNT_LOW",,
view-db-list,Managed - FPT Database Engines,FPT Database Engine,,1,1,1,3,"FEWER_IMAGES, MISSING_HEADINGS, WORD_COUNT_LOW",,
db-view-detail,Managed - FPT Database Engines,FPT Database Engine,,1,1,1,3,"FEWER_IMAGES, MISSING_HEADINGS, WORD_COUNT_LOW",,
parameter,Managed - FPT Database Engines,FPT Database Engine,,1,1,1,3,"FEWER_IMAGES, MISSING_HEADINGS, WORD_COUNT_LOW",,
client-task,Trellix Customer Guide,Support,,1,1,1,3,"FEWER_IMAGES, MISSING_HEADINGS, WORD_COUNT_LOW",,
guide-issue-by-team,FPT AppSec,FPT Security Platform,,1,1,1,3,"FEWER_IMAGES, MISSING_HEADINGS, WORD_COUNT_LOW",,
guide-asset-by-team,FPT AppSec,FPT Security Platform,,1,1,1,3,"FEWER_IMAGES, MISSING_HEADINGS, WORD_COUNT_LOW",,
schedule-detail,FPT AppSec,FPT Security Platform,,1,1,1,3,"FEWER_IMAGES, MISSING_HEADINGS, WORD_COUNT_LOW",,
vgpu-for-container,Managed GPU Cluster (Kubernetes),AI Infrastructure,,1,1,1,3,"FEWER_IMAGES, MISSING_HEADINGS, WORD_COUNT_LOW",,
Create-VPN-S2S-connection,VPN Site-to-Site,FPT Network,,1,1,0,2,"FEWER_IMAGES, WORD_COUNT_LOW",,
quan-ly-backup-job,Backup,FPT Cloud Backup & DR,,1,1,0,2,"NO_IMAGES, WORD_COUNT_LOW",,
monitoring,VPN Site-to-Site,FPT Network,,0,4,1,5,"FEWER_IMAGES, HEADING_COUNT_DIFF, MISSING_HEADINGS, NO_TABLES, WORD_COUNT_LOW",,
tinh-nang-runtime-security-cluster,Managed - FPT Kubernetes Engine,FPT Container,,0,3,1,4,"FEWER_IMAGES, MISSING_HEADINGS, NO_TABLES, WORD_COUNT_LOW",,
tinh-nang-workload-scan,Managed - FPT Kubernetes Engine,FPT Container,,0,3,1,4,"FEWER_IMAGES, MISSING_HEADINGS, NO_TABLES, WORD_COUNT_LOW",,
backup-restore-vn,Managed - FPT Kubernetes Engine,FPT Container,,0,3,1,4,"FEWER_IMAGES, MISSING_HEADINGS, NO_TABLES, WORD_COUNT_LOW",,
microservices-architecture-on-fke,Managed - FPT Kubernetes Engine,FPT Container,,0,3,1,4,"FEWER_IMAGES, MISSING_HEADINGS, NO_TABLES, WORD_COUNT_LOW",,
gpu-sharing,Managed - FPT Kubernetes Engine,FPT Container,,0,3,1,4,"FEWER_IMAGES, MISSING_HEADINGS, NO_TABLES, WORD_COUNT_LOW",,
cai-dat-cluster-kubernetes-su-dung-gpu,FPT Kubernetes Engine with GPU,FPT Container,,0,3,1,4,"FEWER_IMAGES, MISSING_HEADINGS, NO_TABLES, WORD_COUNT_LOW",,
tao-report,FPT Reporting,FPT Monitoring,,0,3,1,4,"FEWER_IMAGES, MISSING_HEADINGS, NO_TABLES, WORD_COUNT_LOW",,
workspace-scmasset,FPT AppSec,FPT Security Platform,,0,3,1,4,"FEWER_IMAGES, MISSING_HEADINGS, NO_TABLES, WORD_COUNT_LOW",,
workspace-crasset,FPT AppSec,FPT Security Platform,,0,3,1,4,"FEWER_IMAGES, MISSING_HEADINGS, NO_TABLES, WORD_COUNT_LOW",,
khoi-tao-managed-gpu-cluster-moi,Managed GPU Cluster (Kubernetes),AI Infrastructure,,0,3,1,4,"FEWER_IMAGES, MISSING_HEADINGS, NO_TABLES, WORD_COUNT_LOW",,
file-storage-high-performance,Managed GPU Cluster (Kubernetes),AI Infrastructure,,0,3,1,4,"FEWER_IMAGES, MISSING_HEADINGS, NO_TABLES, WORD_COUNT_LOW",,
gpu-time-sharing,Managed GPU Cluster (Kubernetes),AI Infrastructure,,0,3,1,4,"FEWER_IMAGES, MISSING_HEADINGS, NO_TABLES, WORD_COUNT_LOW",,
tutorials-tich-hop-fpt-object-storage-voi-cac-s3-client,FPT Object Storage,FPT Storage,,0,3,0,3,"FEWER_IMAGES, NO_TABLES, WORD_COUNT_LOW",,
su-dung-fpt-object-storage-lam-media-server-luu-tru-va-phan-phoi-media-file-cho-websiteweb-application,FPT Object Storage,FPT Storage,,0,3,0,3,"FEWER_IMAGES, NO_TABLES, WORD_COUNT_LOW",,
connect-checkpoint-r8120,VPN Site-to-Site,FPT Network,,0,3,0,3,"FEWER_IMAGES, NO_TABLES, WORD_COUNT_LOW",,
connect-fci-aws-transitgw,VPN Site-to-Site,FPT Network,,0,3,0,3,"FEWER_IMAGES, NO_TABLES, WORD_COUNT_LOW",,
connect-fci-aws-virtualgw,VPN Site-to-Site,FPT Network,,0,3,0,3,"FEWER_IMAGES, NO_TABLES, WORD_COUNT_LOW",,
connect-behind-NAT,VPN Site-to-Site,FPT Network,,0,2,1,3,"FEWER_IMAGES, MISSING_HEADINGS, WORD_COUNT_LOW",,
create-vpn-connection,VPN Site-to-Site,FPT Network,,0,2,1,3,"FEWER_IMAGES, MISSING_HEADINGS, WORD_COUNT_LOW",,
edit-vpn-connection,VPN Site-to-Site,FPT Network,,0,2,1,3,"FEWER_IMAGES, MISSING_HEADINGS, WORD_COUNT_LOW",,
ket-noi-thiet-bi-behind-NAT-IP,VPN Site-to-Site,FPT Network,,0,2,1,3,"FEWER_IMAGES, MISSING_HEADINGS, WORD_COUNT_LOW",,
set_alert,VPN Site-to-Site,FPT Network,,0,2,1,3,"FEWER_IMAGES, MISSING_HEADINGS, WORD_COUNT_LOW",,
dich-vu-gpu-tren-k8s,Managed - FPT Kubernetes Engine,FPT Container,,0,2,1,3,"FEWER_IMAGES, MISSING_HEADINGS, WORD_COUNT_LOW",,
huong-dan-su-dung-cac-che-do-gpu-sharing,FPT Kubernetes Engine with GPU,FPT Container,,0,2,1,3,"FEWER_IMAGES, MISSING_HEADINGS, WORD_COUNT_LOW",,
retry-timeout-rule,Dedicated - FPT Kubernetes Engine,FPT Container,,0,2,1,3,"FEWER_IMAGES, MISSING_HEADINGS, WORD_COUNT_LOW",,
user-group-management,IAM,FPT Security,,0,2,1,3,"FEWER_IMAGES, MISSING_HEADINGS, NO_TABLES",,
tao-target,FPT Cloud VA,FPT Security,,0,2,1,3,"FEWER_IMAGES, MISSING_HEADINGS, WORD_COUNT_LOW",,
khoi-tao-canh-bao-load-balancer,FPT Cloud Guard,FPT Monitoring,,0,2,1,3,"FEWER_IMAGES, MISSING_HEADINGS, WORD_COUNT_LOW",,
huong-dan-nhanh-quick-starts,FPT API Management,FPT Integration,,0,2,1,3,"FEWER_IMAGES, MISSING_HEADINGS, WORD_COUNT_LOW",,
cicd-guideline,FPT AppSec,FPT Security Platform,,0,2,1,3,"FEWER_IMAGES, MISSING_HEADINGS, WORD_COUNT_LOW",,
create-overview-policy,Policy Management,FPT Cloud Server,,0,2,0,2,"FEWER_IMAGES, WORD_COUNT_LOW",,
create-policy,Policy Management,FPT Cloud Server,,0,2,0,2,"FEWER_IMAGES, WORD_COUNT_LOW",,
tutorials-su-dung-object-storage-tren-s3-client,FPT Object Storage,FPT Storage,,0,2,0,2,"FEWER_IMAGES, WORD_COUNT_LOW",,
khoi-tao-load-balancer,Load Balancer,FPT Network,,0,2,0,2,"FEWER_IMAGES, WORD_COUNT_LOW",,
slurm-on-fpt-cloud,Managed GPU Cluster (Kubernetes),AI Infrastructure,,0,1,1,2,"FEWER_IMAGES, MISSING_HEADINGS",,
